,order_id,attack_id,attack_type
0,330463,2,pump_n_dump
1,330472,2,pump_n_dump
2,330521,2,pump_n_dump
3,330529,3,wash_trade
4,330530,3,wash_trade
5,330536,4,wash_trade
6,330542,4,wash_trade
7,330550,5,pump_n_dump
8,330556,5,pump_n_dump
9,330569,5,pump_n_dump
10,330753,6,pump_n_dump
11,330763,6,pump_n_dump
12,330790,6,pump_n_dump
13,330796,7,pump_n_dump
14,330801,7,pump_n_dump
15,330814,7,pump_n_dump
16,330820,8,wash_trade
17,330824,8,wash_trade
18,330974,9,pump_n_dump
19,330984,9,pump_n_dump
20,331019,9,pump_n_dump
21,331179,10,wash_trade
22,331182,10,wash_trade
23,331201,11,pump_n_dump
24,331210,11,pump_n_dump
25,331230,11,pump_n_dump
26,332313,12,pump_n_dump
27,332327,12,pump_n_dump
28,332384,12,pump_n_dump
29,333098,13,pump_n_dump
30,333107,13,pump_n_dump
31,333165,13,pump_n_dump
32,333563,14,pump_n_dump
33,333576,14,pump_n_dump
34,333639,14,pump_n_dump
35,333642,15,pump_n_dump
36,333649,15,pump_n_dump
37,333784,15,pump_n_dump
38,333941,16,pump_n_dump
39,333953,16,pump_n_dump
40,334006,16,pump_n_dump
41,334365,17,wash_trade
42,334369,17,wash_trade
43,334605,18,wash_trade
44,334607,18,wash_trade
45,334861,19,wash_trade
46,334863,19,wash_trade
47,335075,20,pump_n_dump
48,335087,20,pump_n_dump
49,335121,20,pump_n_dump
50,335492,21,wash_trade
51,335496,21,wash_trade
52,335513,22,pump_n_dump
53,335523,22,pump_n_dump
54,335574,22,pump_n_dump
55,336187,23,wash_trade
56,336192,23,wash_trade
57,336434,24,pump_n_dump
58,336448,24,pump_n_dump
59,336500,24,pump_n_dump
60,336509,25,pump_n_dump
61,336521,25,pump_n_dump
62,336544,25,pump_n_dump
63,336554,26,wash_trade
64,336556,26,wash_trade
65,336751,27,pump_n_dump
66,336763,27,pump_n_dump
67,336792,27,pump_n_dump
68,337179,28,pump_n_dump
69,337193,28,pump_n_dump
70,337252,28,pump_n_dump
71,337988,29,wash_trade
72,337992,29,wash_trade
73,338190,30,wash_trade
74,338193,30,wash_trade
75,338227,31,pump_n_dump
76,338238,31,pump_n_dump
77,338294,31,pump_n_dump
78,338441,32,pump_n_dump
79,338451,32,pump_n_dump
80,338491,32,pump_n_dump
81,338503,33,wash_trade
82,338509,33,wash_trade
83,338513,34,wash_trade
84,338524,34,wash_trade
85,338529,35,pump_n_dump
86,338553,35,pump_n_dump
87,338673,35,pump_n_dump
88,339446,36,pump_n_dump
89,339458,36,pump_n_dump
90,339563,36,pump_n_dump
91,339772,37,pump_n_dump
92,339786,37,pump_n_dump
93,339825,37,pump_n_dump
94,340220,38,wash_trade
95,340225,38,wash_trade
96,340236,39,wash_trade
97,340248,39,wash_trade
98,340465,40,pump_n_dump
99,340480,40,pump_n_dump
100,340526,40,pump_n_dump
101,340536,41,wash_trade
102,340539,41,wash_trade
103,340744,42,wash_trade
104,340772,42,wash_trade
105,341085,43,pump_n_dump
106,341096,43,pump_n_dump
107,341122,43,pump_n_dump
108,342234,44,wash_trade
109,342236,44,wash_trade
110,342991,45,wash_trade
111,342995,45,wash_trade
112,343308,46,pump_n_dump
113,343323,46,pump_n_dump
114,343410,46,pump_n_dump
115,343421,47,pump_n_dump
116,343439,47,pump_n_dump
117,343481,47,pump_n_dump
118,343492,48,wash_trade
119,343497,48,wash_trade
120,343987,49,wash_trade
121,344014,49,wash_trade
122,344348,50,wash_trade
123,344352,50,wash_trade
124,344641,51,pump_n_dump
125,344684,51,pump_n_dump
126,344793,51,pump_n_dump
127,345233,52,wash_trade
128,345239,52,wash_trade
129,345298,53,pump_n_dump
130,345321,53,pump_n_dump
131,345493,53,pump_n_dump
132,345506,54,wash_trade
133,345558,54,wash_trade
134,345886,55,pump_n_dump
135,345917,55,pump_n_dump
136,346090,55,pump_n_dump
137,347469,56,pump_n_dump
138,347489,56,pump_n_dump
139,347617,56,pump_n_dump
140,347635,57,pump_n_dump
141,347668,57,pump_n_dump
142,347863,57,pump_n_dump
143,348185,58,pump_n_dump
144,348218,58,pump_n_dump
145,348359,58,pump_n_dump
146,348725,59,pump_n_dump
147,348747,59,pump_n_dump
148,348814,59,pump_n_dump
149,349824,60,pump_n_dump
150,349854,60,pump_n_dump
151,349995,60,pump_n_dump
152,350009,61,wash_trade
153,350026,61,wash_trade
154,350038,62,pump_n_dump
155,350068,62,pump_n_dump
156,350177,62,pump_n_dump
157,350195,63,wash_trade
158,350243,63,wash_trade
159,350509,64,wash_trade
160,350522,64,wash_trade
161,350532,65,pump_n_dump
162,350556,65,pump_n_dump
163,350595,65,pump_n_dump
164,351237,66,wash_trade
165,351240,66,wash_trade
166,351267,67,pump_n_dump
167,351302,67,pump_n_dump
168,351375,67,pump_n_dump
169,352174,68,wash_trade
170,352182,68,wash_trade
171,352216,69,wash_trade
172,352258,69,wash_trade
173,353189,70,wash_trade
174,353195,70,wash_trade
175,353508,71,pump_n_dump
176,353536,71,pump_n_dump
177,353669,71,pump_n_dump
178,353685,72,pump_n_dump
179,353701,72,pump_n_dump
180,353741,72,pump_n_dump
181,354027,73,wash_trade
182,354034,73,wash_trade
183,354053,74,wash_trade
184,354056,74,wash_trade
185,354088,75,pump_n_dump
186,354109,75,pump_n_dump
187,354141,75,pump_n_dump
188,354453,76,wash_trade
189,354498,76,wash_trade
190,355201,77,pump_n_dump
191,355220,77,pump_n_dump
192,355300,77,pump_n_dump
193,355611,78,pump_n_dump
194,355631,78,pump_n_dump
195,355673,78,pump_n_dump
196,356013,79,wash_trade
197,356018,79,wash_trade
198,356053,80,pump_n_dump
199,356078,80,pump_n_dump
200,356109,80,pump_n_dump
201,356487,81,wash_trade
202,356491,81,wash_trade
203,356502,82,pump_n_dump
204,356525,82,pump_n_dump
205,356586,82,pump_n_dump
206,356601,83,wash_trade
207,356604,83,wash_trade
208,356895,84,wash_trade
209,356908,84,wash_trade
210,357642,85,wash_trade
211,357647,85,wash_trade
212,358292,86,wash_trade
213,358349,86,wash_trade
214,358359,87,pump_n_dump
215,358380,87,pump_n_dump
216,358491,87,pump_n_dump
217,358502,88,pump_n_dump
218,358519,88,pump_n_dump
219,358596,88,pump_n_dump
220,358615,89,wash_trade
221,358683,89,wash_trade
222,359020,90,wash_trade
223,359071,90,wash_trade
224,359079,91,wash_trade
225,359130,91,wash_trade
226,359143,92,pump_n_dump
227,359176,92,pump_n_dump
228,359358,92,pump_n_dump
229,361731,93,pump_n_dump
230,361749,93,pump_n_dump
231,361926,93,pump_n_dump
232,362589,94,wash_trade
233,362641,94,wash_trade
234,362652,95,pump_n_dump
235,362685,95,pump_n_dump
236,362846,95,pump_n_dump
237,362858,96,pump_n_dump
238,362879,96,pump_n_dump
239,363058,96,pump_n_dump
240,363075,97,pump_n_dump
241,363103,97,pump_n_dump
242,363279,97,pump_n_dump
243,363296,98,pump_n_dump
244,363318,98,pump_n_dump
245,363489,98,pump_n_dump
246,364912,99,pump_n_dump
247,364933,99,pump_n_dump
248,364979,99,pump_n_dump
249,364999,100,wash_trade
250,365003,100,wash_trade
251,365053,101,wash_trade
252,365057,101,wash_trade
253,365116,102,pump_n_dump
254,365141,102,pump_n_dump
255,365260,102,pump_n_dump
256,365585,103,wash_trade
257,365595,103,wash_trade
258,365604,104,wash_trade
259,365606,104,wash_trade
260,367019,105,pump_n_dump
261,367036,105,pump_n_dump
262,367136,105,pump_n_dump
263,367160,106,pump_n_dump
264,367191,106,pump_n_dump
265,367256,106,pump_n_dump
266,367277,107,pump_n_dump
267,367312,107,pump_n_dump
268,367412,107,pump_n_dump
269,367432,108,wash_trade
270,367439,108,wash_trade
271,368467,109,wash_trade
272,368477,109,wash_trade
273,369099,110,wash_trade
274,369109,110,wash_trade
275,369122,111,pump_n_dump
276,369151,111,pump_n_dump
277,369266,111,pump_n_dump
278,369286,112,wash_trade
279,369328,112,wash_trade
280,369338,113,wash_trade
281,369346,113,wash_trade
282,369950,114,pump_n_dump
283,369969,114,pump_n_dump
284,370009,114,pump_n_dump
285,370025,115,pump_n_dump
286,370043,115,pump_n_dump
287,370114,115,pump_n_dump
288,371002,116,pump_n_dump
289,371036,116,pump_n_dump
290,371121,116,pump_n_dump
291,371149,117,wash_trade
292,371192,117,wash_trade
293,371202,118,pump_n_dump
294,371229,118,pump_n_dump
295,371266,118,pump_n_dump
296,371591,119,pump_n_dump
297,371611,119,pump_n_dump
298,371636,119,pump_n_dump
299,371648,120,pump_n_dump
300,371672,120,pump_n_dump
301,371719,120,pump_n_dump
302,372567,121,pump_n_dump
303,372587,121,pump_n_dump
304,372732,121,pump_n_dump
305,374277,122,pump_n_dump
306,374319,122,pump_n_dump
307,374502,122,pump_n_dump
308,375472,123,wash_trade
309,375520,123,wash_trade
310,375537,124,wash_trade
311,375542,124,wash_trade
312,377269,125,wash_trade
313,377348,125,wash_trade
314,377621,126,wash_trade
315,377628,126,wash_trade
316,378185,127,pump_n_dump
317,378202,127,pump_n_dump
318,378337,127,pump_n_dump
319,378686,128,wash_trade
320,378691,128,wash_trade
321,378746,129,wash_trade
322,378749,129,wash_trade
323,378795,130,wash_trade
324,378826,130,wash_trade
325,379175,131,pump_n_dump
326,379202,131,pump_n_dump
327,379330,131,pump_n_dump
328,380100,132,pump_n_dump
329,380117,132,pump_n_dump
330,380173,132,pump_n_dump
331,380186,133,pump_n_dump
332,380211,133,pump_n_dump
333,380350,133,pump_n_dump
334,380360,134,wash_trade
335,380363,134,wash_trade
336,381403,135,wash_trade
337,381407,135,wash_trade
338,381753,136,wash_trade
339,381756,136,wash_trade
340,382115,137,pump_n_dump
341,382151,137,pump_n_dump
342,382210,137,pump_n_dump
343,382504,138,pump_n_dump
344,382534,138,pump_n_dump
345,382595,138,pump_n_dump
346,383209,139,pump_n_dump
347,383241,139,pump_n_dump
348,383323,139,pump_n_dump
349,383337,140,pump_n_dump
350,383359,140,pump_n_dump
351,383451,140,pump_n_dump
352,383796,141,wash_trade
353,383803,141,wash_trade
354,383815,142,pump_n_dump
355,383839,142,pump_n_dump
356,383885,142,pump_n_dump
357,384216,143,pump_n_dump
358,384239,143,pump_n_dump
359,384317,143,pump_n_dump
360,384664,144,wash_trade
361,384668,144,wash_trade
362,385408,145,pump_n_dump
363,385438,145,pump_n_dump
364,385510,145,pump_n_dump
365,385753,146,wash_trade
366,385754,146,wash_trade
367,385776,147,pump_n_dump
368,385796,147,pump_n_dump
369,385863,147,pump_n_dump
370,385885,148,pump_n_dump
371,385920,148,pump_n_dump
372,385961,148,pump_n_dump
373,385977,149,pump_n_dump
374,385996,149,pump_n_dump
375,386066,149,pump_n_dump
376,387353,150,pump_n_dump
377,387375,150,pump_n_dump
378,387530,150,pump_n_dump
379,387543,151,pump_n_dump
380,387569,151,pump_n_dump
381,387725,151,pump_n_dump
382,388564,152,pump_n_dump
383,388585,152,pump_n_dump
384,388717,152,pump_n_dump
385,389929,153,pump_n_dump
386,389954,153,pump_n_dump
387,390079,153,pump_n_dump
388,390089,154,wash_trade
389,390092,154,wash_trade
390,390128,155,wash_trade
391,390129,155,wash_trade
392,390530,156,pump_n_dump
393,390558,156,pump_n_dump
394,390694,156,pump_n_dump
395,390713,157,wash_trade
396,390751,157,wash_trade
397,391133,158,pump_n_dump
398,391158,158,pump_n_dump
399,391357,158,pump_n_dump
400,391361,159,wash_trade
401,391400,159,wash_trade
402,391771,160,pump_n_dump
403,391792,160,pump_n_dump
404,391974,160,pump_n_dump
405,391990,161,wash_trade
406,391993,161,wash_trade
407,392065,162,wash_trade
408,392122,162,wash_trade
409,392559,163,wash_trade
410,392566,163,wash_trade
411,392617,164,wash_trade
412,392624,164,wash_trade
413,392929,165,pump_n_dump
414,392947,165,pump_n_dump
415,393022,165,pump_n_dump
416,393046,166,wash_trade
417,393052,166,wash_trade
418,393714,167,wash_trade
419,393730,167,wash_trade
420,393738,168,pump_n_dump
421,393761,168,pump_n_dump
422,393819,168,pump_n_dump
423,393841,169,pump_n_dump
424,393876,169,pump_n_dump
425,393926,169,pump_n_dump
426,394216,170,wash_trade
427,394218,170,wash_trade
428,395188,171,pump_n_dump
429,395222,171,pump_n_dump
430,395277,171,pump_n_dump
431,395286,172,pump_n_dump
432,395299,172,pump_n_dump
433,395366,172,pump_n_dump
434,396013,173,pump_n_dump
435,396051,173,pump_n_dump
436,396126,173,pump_n_dump
437,397289,174,pump_n_dump
438,397327,174,pump_n_dump
439,397395,174,pump_n_dump
440,397991,175,wash_trade
441,398038,175,wash_trade
442,398046,176,wash_trade
443,398089,176,wash_trade
444,398104,177,wash_trade
445,398107,177,wash_trade
446,398453,178,wash_trade
447,398458,178,wash_trade
448,399023,179,pump_n_dump
449,399053,179,pump_n_dump
450,399121,179,pump_n_dump
451,399669,180,pump_n_dump
452,399689,180,pump_n_dump
453,399784,180,pump_n_dump
454,399796,181,wash_trade
455,399800,181,wash_trade
456,400343,182,pump_n_dump
457,400364,182,pump_n_dump
458,400438,182,pump_n_dump
459,400456,183,pump_n_dump
460,400489,183,pump_n_dump
461,400582,183,pump_n_dump
462,400595,184,pump_n_dump
463,400628,184,pump_n_dump
464,400777,184,pump_n_dump
465,402763,185,wash_trade
466,402812,185,wash_trade
467,403026,186,pump_n_dump
468,403056,186,pump_n_dump
469,403220,186,pump_n_dump
470,403473,187,pump_n_dump
471,403498,187,pump_n_dump
472,403660,187,pump_n_dump
473,403675,188,pump_n_dump
474,403695,188,pump_n_dump
475,403841,188,pump_n_dump
476,404242,189,wash_trade
477,404245,189,wash_trade
478,404353,190,pump_n_dump
479,404379,190,pump_n_dump
480,404524,190,pump_n_dump
481,404543,191,wash_trade
482,404548,191,wash_trade
483,406776,192,wash_trade
484,406803,192,wash_trade
485,407350,193,pump_n_dump
486,407372,193,pump_n_dump
487,407475,193,pump_n_dump
488,407492,194,pump_n_dump
489,407512,194,pump_n_dump
490,407579,194,pump_n_dump
491,408517,195,pump_n_dump
492,408550,195,pump_n_dump
493,408606,195,pump_n_dump
494,408624,196,pump_n_dump
495,408646,196,pump_n_dump
496,408787,196,pump_n_dump
497,409116,197,pump_n_dump
498,409154,197,pump_n_dump
499,409290,197,pump_n_dump
500,409297,198,pump_n_dump
501,409325,198,pump_n_dump
502,409428,198,pump_n_dump
503,410031,199,pump_n_dump
504,410061,199,pump_n_dump
505,410146,199,pump_n_dump
506,410449,200,wash_trade
507,410459,200,wash_trade
508,410476,201,pump_n_dump
509,410516,201,pump_n_dump
510,410612,201,pump_n_dump
511,411227,202,pump_n_dump
512,411258,202,pump_n_dump
513,411350,202,pump_n_dump
514,411364,203,pump_n_dump
515,411392,203,pump_n_dump
516,411420,203,pump_n_dump
517,411708,204,pump_n_dump
518,411733,204,pump_n_dump
519,411784,204,pump_n_dump
520,411798,205,wash_trade
521,411811,205,wash_trade
522,411825,206,pump_n_dump
523,411848,206,pump_n_dump
524,411870,206,pump_n_dump
525,412234,207,pump_n_dump
526,412258,207,pump_n_dump
527,412329,207,pump_n_dump
528,413012,208,wash_trade
529,413014,208,wash_trade
530,413031,209,pump_n_dump
531,413059,209,pump_n_dump
532,413112,209,pump_n_dump
533,413123,210,wash_trade
534,413124,210,wash_trade
535,413161,211,wash_trade
536,413164,211,wash_trade
537,413214,212,pump_n_dump
538,413237,212,pump_n_dump
539,413407,212,pump_n_dump
540,415032,213,wash_trade
541,415084,213,wash_trade
542,415446,214,pump_n_dump
543,415468,214,pump_n_dump
544,415638,214,pump_n_dump
545,416861,215,wash_trade
546,416945,215,wash_trade
547,418466,216,pump_n_dump
548,418491,216,pump_n_dump
549,418680,216,pump_n_dump
550,418692,217,pump_n_dump
551,418718,217,pump_n_dump
552,418875,217,pump_n_dump
553,418888,218,wash_trade
554,418925,218,wash_trade
555,418942,219,pump_n_dump
556,418982,219,pump_n_dump
557,419177,219,pump_n_dump
558,419197,220,wash_trade
559,419202,220,wash_trade
560,419864,221,wash_trade
561,419866,221,wash_trade
562,420863,222,wash_trade
563,420915,222,wash_trade
564,421247,223,pump_n_dump
565,421269,223,pump_n_dump
566,421361,223,pump_n_dump
567,421649,224,pump_n_dump
568,421688,224,pump_n_dump
569,421801,224,pump_n_dump
570,421814,225,wash_trade
571,421818,225,wash_trade
572,421834,226,pump_n_dump
573,421862,226,pump_n_dump
574,421943,226,pump_n_dump
575,421964,227,wash_trade
576,422027,227,wash_trade
577,422683,228,wash_trade
578,422689,228,wash_trade
579,422710,229,wash_trade
580,422721,229,wash_trade
581,423040,230,pump_n_dump
582,423069,230,pump_n_dump
583,423126,230,pump_n_dump
584,423759,231,pump_n_dump
585,423783,231,pump_n_dump
586,423877,231,pump_n_dump
587,424219,232,wash_trade
588,424221,232,wash_trade
589,424828,233,pump_n_dump
590,424864,233,pump_n_dump
591,424892,233,pump_n_dump
592,424902,234,wash_trade
593,424903,234,wash_trade
594,425138,235,pump_n_dump
595,425158,235,pump_n_dump
596,425234,235,pump_n_dump
597,425254,236,wash_trade
598,425256,236,wash_trade
599,425809,237,pump_n_dump
600,425826,237,pump_n_dump
601,425899,237,pump_n_dump
602,426408,238,wash_trade
603,426410,238,wash_trade
604,426646,239,pump_n_dump
605,426667,239,pump_n_dump
606,426726,239,pump_n_dump
607,426750,240,wash_trade
608,426757,240,wash_trade
609,426781,241,pump_n_dump
610,426815,241,pump_n_dump
611,426886,241,pump_n_dump
612,426900,242,pump_n_dump
613,426930,242,pump_n_dump
614,426980,242,pump_n_dump
615,426994,243,wash_trade
616,426996,243,wash_trade
617,427013,244,pump_n_dump
618,427032,244,pump_n_dump
619,427077,244,pump_n_dump
620,427387,245,pump_n_dump
621,427418,245,pump_n_dump
622,427465,245,pump_n_dump
623,427476,246,pump_n_dump
624,427500,246,pump_n_dump
625,427556,246,pump_n_dump
626,427566,247,wash_trade
627,427611,247,wash_trade
628,428222,248,pump_n_dump
629,428252,248,pump_n_dump
630,428427,248,pump_n_dump
631,428447,249,wash_trade
632,428451,249,wash_trade
633,428535,250,pump_n_dump
634,428564,250,pump_n_dump
635,428710,250,pump_n_dump
636,428733,251,pump_n_dump
637,428776,251,pump_n_dump
638,428938,251,pump_n_dump
639,429703,252,wash_trade
640,429706,252,wash_trade
641,430417,253,pump_n_dump
642,430443,253,pump_n_dump
643,430620,253,pump_n_dump
644,430946,254,wash_trade
645,430949,254,wash_trade
646,431007,255,pump_n_dump
647,431035,255,pump_n_dump
648,431180,255,pump_n_dump
649,431192,256,pump_n_dump
650,431221,256,pump_n_dump
651,431381,256,pump_n_dump
652,431643,257,wash_trade
653,431648,257,wash_trade
654,431928,258,wash_trade
655,431931,258,wash_trade
656,431945,259,wash_trade
657,431956,259,wash_trade
658,431969,260,pump_n_dump
659,431997,260,pump_n_dump
660,432120,260,pump_n_dump
661,432865,261,pump_n_dump
662,432890,261,pump_n_dump
663,432945,261,pump_n_dump
664,433244,262,pump_n_dump
665,433267,262,pump_n_dump
666,433328,262,pump_n_dump
667,433613,263,wash_trade
668,433623,263,wash_trade
669,434095,264,pump_n_dump
670,434122,264,pump_n_dump
671,434178,264,pump_n_dump
672,434665,265,pump_n_dump
673,434689,265,pump_n_dump
674,434758,265,pump_n_dump
675,434781,266,pump_n_dump
676,434805,266,pump_n_dump
677,434858,266,pump_n_dump
678,434870,267,pump_n_dump
679,434893,267,pump_n_dump
680,434926,267,pump_n_dump
681,434943,268,pump_n_dump
682,434977,268,pump_n_dump
683,435014,268,pump_n_dump
684,435344,269,pump_n_dump
685,435378,269,pump_n_dump
686,435445,269,pump_n_dump
687,436712,270,pump_n_dump
688,436732,270,pump_n_dump
689,436831,270,pump_n_dump
690,436843,271,wash_trade
691,436845,271,wash_trade
692,436889,272,wash_trade
693,436891,272,wash_trade
694,436949,273,pump_n_dump
695,436963,273,pump_n_dump
696,437142,273,pump_n_dump
697,437155,274,pump_n_dump
698,437185,274,pump_n_dump
699,437328,274,pump_n_dump
700,437336,275,wash_trade
701,437338,275,wash_trade
702,437994,276,pump_n_dump
703,438026,276,pump_n_dump
704,438195,276,pump_n_dump
705,438211,277,wash_trade
706,438271,277,wash_trade
707,438283,278,pump_n_dump
708,438308,278,pump_n_dump
709,438473,278,pump_n_dump
710,438482,279,pump_n_dump
711,438496,279,pump_n_dump
712,438643,279,pump_n_dump
713,438663,280,wash_trade
714,438667,280,wash_trade
715,438716,281,pump_n_dump
716,438752,281,pump_n_dump
717,438909,281,pump_n_dump
718,439214,282,wash_trade
719,439218,282,wash_trade
720,439563,283,wash_trade
721,439624,283,wash_trade
722,439634,284,pump_n_dump
723,439657,284,pump_n_dump
724,439798,284,pump_n_dump
725,440429,285,pump_n_dump
726,440449,285,pump_n_dump
727,440583,285,pump_n_dump
728,440596,286,wash_trade
729,440599,286,wash_trade
730,440907,287,wash_trade
731,440908,287,wash_trade
732,442413,288,pump_n_dump
733,442432,288,pump_n_dump
734,442508,288,pump_n_dump
735,442854,289,wash_trade
736,442866,289,wash_trade
737,443294,290,pump_n_dump
738,443318,290,pump_n_dump
739,443359,290,pump_n_dump
740,443743,291,wash_trade
741,443768,291,wash_trade
742,445280,292,pump_n_dump
743,445312,292,pump_n_dump
744,445389,292,pump_n_dump
745,445403,293,pump_n_dump
746,445423,293,pump_n_dump
747,445471,293,pump_n_dump
748,445494,294,pump_n_dump
749,445520,294,pump_n_dump
750,445655,294,pump_n_dump
751,445953,295,pump_n_dump
752,445984,295,pump_n_dump
753,446069,295,pump_n_dump
754,446404,296,pump_n_dump
755,446435,296,pump_n_dump
756,446528,296,pump_n_dump
757,446874,297,pump_n_dump
758,446908,297,pump_n_dump
759,446991,297,pump_n_dump
760,447298,298,wash_trade
761,447327,298,wash_trade
762,447628,299,pump_n_dump
763,447648,299,pump_n_dump
764,447719,299,pump_n_dump
765,448097,300,pump_n_dump
766,448130,300,pump_n_dump
767,448196,300,pump_n_dump
768,448219,301,pump_n_dump
769,448246,301,pump_n_dump
770,448278,301,pump_n_dump
771,448296,302,pump_n_dump
772,448324,302,pump_n_dump
773,448362,302,pump_n_dump
774,448384,303,wash_trade
775,448393,303,wash_trade
776,448406,304,pump_n_dump
777,448446,304,pump_n_dump
778,448642,304,pump_n_dump
779,448917,305,pump_n_dump
780,448937,305,pump_n_dump
781,449014,305,pump_n_dump
782,449838,306,wash_trade
783,449842,306,wash_trade
784,449890,307,pump_n_dump
785,449918,307,pump_n_dump
786,450122,307,pump_n_dump
787,450540,308,pump_n_dump
788,450568,308,pump_n_dump
789,450759,308,pump_n_dump
790,451731,309,wash_trade
791,451782,309,wash_trade
792,451799,310,pump_n_dump
793,451832,310,pump_n_dump
794,451992,310,pump_n_dump
795,452004,311,wash_trade
796,452045,311,wash_trade
797,452426,312,wash_trade
798,452429,312,wash_trade
799,452487,313,pump_n_dump
800,452524,313,pump_n_dump
801,452669,313,pump_n_dump
802,452686,314,pump_n_dump
803,452715,314,pump_n_dump
804,452862,314,pump_n_dump
805,453896,315,wash_trade
806,453921,315,wash_trade
807,454455,316,wash_trade
808,454457,316,wash_trade
809,454516,317,pump_n_dump
810,454548,317,pump_n_dump
811,454617,317,pump_n_dump
812,454637,318,wash_trade
813,454676,318,wash_trade
814,454689,319,pump_n_dump
815,454711,319,pump_n_dump
816,454773,319,pump_n_dump
817,455435,320,pump_n_dump
818,455476,320,pump_n_dump
819,455540,320,pump_n_dump
820,455881,321,pump_n_dump
821,455914,321,pump_n_dump
822,455988,321,pump_n_dump
823,456004,322,wash_trade
824,456008,322,wash_trade
825,456028,323,wash_trade
826,456032,323,wash_trade
827,456060,324,wash_trade
828,456077,324,wash_trade
829,456584,325,wash_trade
830,456589,325,wash_trade
831,456641,326,wash_trade
832,456646,326,wash_trade
833,456670,327,wash_trade
834,456673,327,wash_trade
835,456688,328,wash_trade
836,456692,328,wash_trade
837,458533,329,pump_n_dump
838,458555,329,pump_n_dump
839,458644,329,pump_n_dump
840,459051,330,pump_n_dump
841,459088,330,pump_n_dump
842,459156,330,pump_n_dump
843,459510,331,pump_n_dump
844,459532,331,pump_n_dump
845,459643,331,pump_n_dump
846,459662,332,wash_trade
847,459688,332,wash_trade
848,459993,333,wash_trade
849,459995,333,wash_trade
850,461487,334,pump_n_dump
851,461510,334,pump_n_dump
852,461588,334,pump_n_dump
853,461597,335,wash_trade
854,461600,335,wash_trade
855,461638,336,wash_trade
856,461640,336,wash_trade
857,461655,337,wash_trade
858,461658,337,wash_trade
859,462193,338,pump_n_dump
860,462210,338,pump_n_dump
861,462271,338,pump_n_dump
862,463039,339,pump_n_dump
863,463061,339,pump_n_dump
864,463158,339,pump_n_dump
865,463172,340,pump_n_dump
866,463198,340,pump_n_dump
867,463219,340,pump_n_dump
868,463236,341,pump_n_dump
869,463256,341,pump_n_dump
870,463295,341,pump_n_dump
871,465148,342,wash_trade
872,465151,342,wash_trade
873,465193,343,wash_trade
874,465198,343,wash_trade
875,465573,344,pump_n_dump
876,465597,344,pump_n_dump
877,465679,344,pump_n_dump
878,465693,345,pump_n_dump
879,465725,345,pump_n_dump
880,465783,345,pump_n_dump
881,466182,346,pump_n_dump
882,466211,346,pump_n_dump
883,466328,346,pump_n_dump
884,466342,347,wash_trade
885,466346,347,wash_trade
886,466858,348,pump_n_dump
887,466881,348,pump_n_dump
888,467053,348,pump_n_dump
889,467067,349,wash_trade
890,467070,349,wash_trade
891,468655,350,wash_trade
892,468659,350,wash_trade
893,469878,351,pump_n_dump
894,469913,351,pump_n_dump
895,470060,351,pump_n_dump
896,470947,352,pump_n_dump
897,470978,352,pump_n_dump
898,471170,352,pump_n_dump
899,471187,353,wash_trade
900,471232,353,wash_trade
901,471251,354,wash_trade
902,471265,354,wash_trade
903,471269,355,wash_trade
904,471272,355,wash_trade
905,471282,356,wash_trade
906,471284,356,wash_trade
907,471851,357,pump_n_dump
908,471880,357,pump_n_dump
909,472013,357,pump_n_dump
910,472316,358,pump_n_dump
911,472348,358,pump_n_dump
912,472433,358,pump_n_dump
913,472445,359,wash_trade
914,472496,359,wash_trade
915,472518,360,wash_trade
916,472532,360,wash_trade
917,472549,361,wash_trade
918,472552,361,wash_trade
919,472571,362,pump_n_dump
920,472601,362,pump_n_dump
921,472643,362,pump_n_dump
922,472985,363,pump_n_dump
923,473021,363,pump_n_dump
924,473102,363,pump_n_dump
925,473399,364,wash_trade
926,473401,364,wash_trade
927,473417,365,pump_n_dump
928,473450,365,pump_n_dump
929,473498,365,pump_n_dump
930,474076,366,pump_n_dump
931,474109,366,pump_n_dump
932,474196,366,pump_n_dump
933,474208,367,wash_trade
934,474210,367,wash_trade
935,474881,368,pump_n_dump
936,474914,368,pump_n_dump
937,474982,368,pump_n_dump
938,474999,369,pump_n_dump
939,475021,369,pump_n_dump
940,475053,369,pump_n_dump
941,475070,370,wash_trade
942,475076,370,wash_trade
943,475696,371,pump_n_dump
944,475733,371,pump_n_dump
945,475801,371,pump_n_dump
946,476068,372,wash_trade
947,476073,372,wash_trade
948,476121,373,wash_trade
949,476123,373,wash_trade
950,476760,374,wash_trade
951,476762,374,wash_trade
952,477120,375,pump_n_dump
953,477149,375,pump_n_dump
954,477245,375,pump_n_dump
955,479568,376,pump_n_dump
956,479602,376,pump_n_dump
957,479724,376,pump_n_dump
958,479737,377,pump_n_dump
959,479761,377,pump_n_dump
960,479798,377,pump_n_dump
961,479818,378,pump_n_dump
962,479843,378,pump_n_dump
963,480024,378,pump_n_dump
964,480298,379,wash_trade
965,480307,379,wash_trade
966,480324,380,wash_trade
967,480328,380,wash_trade
968,481380,381,wash_trade
969,481389,381,wash_trade
970,481726,382,pump_n_dump
971,481755,382,pump_n_dump
972,481902,382,pump_n_dump
973,481914,383,wash_trade
974,481917,383,wash_trade
975,482895,384,pump_n_dump
976,482919,384,pump_n_dump
977,483015,384,pump_n_dump
978,483034,385,wash_trade
979,483040,385,wash_trade
980,483362,386,pump_n_dump
981,483399,386,pump_n_dump
982,483460,386,pump_n_dump
983,484681,387,pump_n_dump
984,484717,387,pump_n_dump
985,484841,387,pump_n_dump
986,485446,388,pump_n_dump
987,485466,388,pump_n_dump
988,485609,388,pump_n_dump
989,485902,389,wash_trade
990,485937,389,wash_trade
991,485951,390,wash_trade
992,486002,390,wash_trade
993,486021,391,wash_trade
994,486095,391,wash_trade
995,486781,392,wash_trade
996,486805,392,wash_trade
997,487358,393,pump_n_dump
998,487400,393,pump_n_dump
999,487579,393,pump_n_dump
1000,487604,394,pump_n_dump
1001,487639,394,pump_n_dump
1002,487772,394,pump_n_dump
1003,488249,395,wash_trade
1004,488252,395,wash_trade
1005,488573,396,wash_trade
1006,488616,396,wash_trade
1007,489404,397,pump_n_dump
1008,489430,397,pump_n_dump
1009,489570,397,pump_n_dump
1010,492704,398,pump_n_dump
1011,492730,398,pump_n_dump
1012,492921,398,pump_n_dump
1013,493233,399,wash_trade
1014,493294,399,wash_trade
1015,493314,400,pump_n_dump
1016,493339,400,pump_n_dump
1017,493481,400,pump_n_dump
1018,493508,401,pump_n_dump
1019,493526,401,pump_n_dump
1020,493573,401,pump_n_dump
1021,493595,402,wash_trade
1022,493596,402,wash_trade
1023,493876,403,wash_trade
1024,493893,403,wash_trade
1025,493908,404,wash_trade
1026,493913,404,wash_trade
1027,494677,405,pump_n_dump
1028,494709,405,pump_n_dump
1029,494828,405,pump_n_dump
1030,495428,406,pump_n_dump
1031,495456,406,pump_n_dump
1032,495624,406,pump_n_dump
1033,495644,407,wash_trade
1034,495645,407,wash_trade
1035,495726,408,wash_trade
1036,495729,408,wash_trade
1037,495746,409,pump_n_dump
1038,495775,409,pump_n_dump
1039,495841,409,pump_n_dump
1040,495859,410,wash_trade
1041,495871,410,wash_trade
1042,495883,411,pump_n_dump
1043,495911,411,pump_n_dump
1044,495974,411,pump_n_dump
1045,497791,412,wash_trade
1046,497804,412,wash_trade
1047,497818,413,wash_trade
1048,497819,413,wash_trade
1049,498391,414,pump_n_dump
1050,498422,414,pump_n_dump
1051,498471,414,pump_n_dump
1052,498830,415,pump_n_dump
1053,498849,415,pump_n_dump
1054,498956,415,pump_n_dump
1055,499292,416,wash_trade
1056,499332,416,wash_trade
1057,499346,417,pump_n_dump
1058,499372,417,pump_n_dump
1059,499452,417,pump_n_dump
1060,499473,418,wash_trade
1061,499476,418,wash_trade
1062,499718,419,pump_n_dump
1063,499740,419,pump_n_dump
1064,499784,419,pump_n_dump
1065,501550,420,pump_n_dump
1066,501566,420,pump_n_dump
1067,501675,420,pump_n_dump
1068,501680,421,pump_n_dump
1069,501695,421,pump_n_dump
1070,501730,421,pump_n_dump
1071,502663,422,pump_n_dump
1072,502684,422,pump_n_dump
1073,502716,422,pump_n_dump
1074,503062,423,pump_n_dump
1075,503083,423,pump_n_dump
1076,503206,423,pump_n_dump
1077,503915,424,pump_n_dump
1078,503936,424,pump_n_dump
1079,504016,424,pump_n_dump
1080,504038,425,pump_n_dump
1081,504077,425,pump_n_dump
1082,504114,425,pump_n_dump
1083,504130,426,wash_trade
1084,504136,426,wash_trade
1085,505017,427,pump_n_dump
1086,505038,427,pump_n_dump
1087,505108,427,pump_n_dump
1088,505118,428,wash_trade
1089,505127,428,wash_trade
1090,505358,429,pump_n_dump
1091,505373,429,pump_n_dump
1092,505419,429,pump_n_dump
1093,505433,430,wash_trade
1094,505438,430,wash_trade
1095,505983,431,wash_trade
1096,505985,431,wash_trade
1097,506295,432,wash_trade
1098,506333,432,wash_trade
1099,506893,433,wash_trade
1100,506898,433,wash_trade
1101,507520,434,pump_n_dump
1102,507544,434,pump_n_dump
1103,507622,434,pump_n_dump
1104,507630,435,wash_trade
1105,507634,435,wash_trade
1106,507927,436,wash_trade
1107,507930,436,wash_trade
1108,507943,437,pump_n_dump
1109,507974,437,pump_n_dump
1110,508019,437,pump_n_dump
1111,508034,438,wash_trade
1112,508038,438,wash_trade
1113,508051,439,wash_trade
1114,508055,439,wash_trade
1115,508072,440,wash_trade
1116,508075,440,wash_trade
1117,508329,441,wash_trade
1118,508343,441,wash_trade
1119,508353,442,pump_n_dump
1120,508369,442,pump_n_dump
1121,508442,442,pump_n_dump
1122,508465,443,wash_trade
1123,508478,443,wash_trade
1124,509049,444,wash_trade
1125,509055,444,wash_trade
1126,509456,445,wash_trade
1127,509457,445,wash_trade
1128,509767,446,pump_n_dump
1129,509797,446,pump_n_dump
1130,509895,446,pump_n_dump
1131,510188,447,wash_trade
1132,510232,447,wash_trade
1133,511051,448,pump_n_dump
1134,511068,448,pump_n_dump
1135,511137,448,pump_n_dump
1136,511675,449,wash_trade
1137,511677,449,wash_trade
1138,512908,450,wash_trade
1139,512912,450,wash_trade
1140,512961,451,wash_trade
1141,512968,451,wash_trade
1142,513544,452,pump_n_dump
1143,513567,452,pump_n_dump
1144,513650,452,pump_n_dump
1145,515088,453,wash_trade
1146,515095,453,wash_trade
1147,515152,454,pump_n_dump
1148,515172,454,pump_n_dump
1149,515332,454,pump_n_dump
1150,515865,455,wash_trade
1151,515873,455,wash_trade
1152,515884,456,wash_trade
1153,515887,456,wash_trade
1154,515911,457,pump_n_dump
1155,515948,457,pump_n_dump
1156,516013,457,pump_n_dump
1157,516024,458,wash_trade
1158,516032,458,wash_trade
1159,516037,459,pump_n_dump
1160,516054,459,pump_n_dump
1161,516127,459,pump_n_dump
1162,516131,460,wash_trade
1163,516167,460,wash_trade
1164,516657,461,pump_n_dump
1165,516686,461,pump_n_dump
1166,516829,461,pump_n_dump
1167,517321,462,pump_n_dump
1168,517347,462,pump_n_dump
1169,517505,462,pump_n_dump
1170,518951,463,wash_trade
1171,518954,463,wash_trade
1172,519029,464,pump_n_dump
1173,519048,464,pump_n_dump
1174,519232,464,pump_n_dump
1175,522545,465,pump_n_dump
1176,522587,465,pump_n_dump
1177,522787,465,pump_n_dump
1178,523390,466,wash_trade
1179,523392,466,wash_trade
1180,523464,467,wash_trade
1181,523467,467,wash_trade
1182,524133,468,pump_n_dump
1183,524163,468,pump_n_dump
1184,524343,468,pump_n_dump
1185,525247,469,pump_n_dump
1186,525274,469,pump_n_dump
1187,525388,469,pump_n_dump
1188,525729,470,wash_trade
1189,525734,470,wash_trade
1190,525767,471,pump_n_dump
1191,525800,471,pump_n_dump
1192,525877,471,pump_n_dump
1193,526494,472,wash_trade
1194,526496,472,wash_trade
1195,527065,473,pump_n_dump
1196,527086,473,pump_n_dump
1197,527238,473,pump_n_dump
1198,527257,474,pump_n_dump
1199,527296,474,pump_n_dump
1200,527383,474,pump_n_dump
1201,527398,475,wash_trade
1202,527399,475,wash_trade
1203,527415,476,wash_trade
1204,527418,476,wash_trade
1205,527772,477,pump_n_dump
1206,527793,477,pump_n_dump
1207,527869,477,pump_n_dump
1208,528852,478,wash_trade
1209,528856,478,wash_trade
1210,528875,479,pump_n_dump
1211,528904,479,pump_n_dump
1212,529013,479,pump_n_dump
1213,529333,480,pump_n_dump
1214,529360,480,pump_n_dump
1215,529402,480,pump_n_dump
1216,529654,481,wash_trade
1217,529661,481,wash_trade
1218,529670,482,pump_n_dump
1219,529699,482,pump_n_dump
1220,529819,482,pump_n_dump
1221,529836,483,pump_n_dump
1222,529862,483,pump_n_dump
1223,529926,483,pump_n_dump
1224,529935,484,wash_trade
1225,529942,484,wash_trade
1226,529954,485,wash_trade
1227,529960,485,wash_trade
1228,530277,486,wash_trade
1229,530287,486,wash_trade
1230,531588,487,wash_trade
1231,531592,487,wash_trade
1232,531616,488,pump_n_dump
1233,531643,488,pump_n_dump
1234,531764,488,pump_n_dump
1235,531783,489,pump_n_dump
1236,531824,489,pump_n_dump
1237,531861,489,pump_n_dump
1238,532517,490,wash_trade
1239,532522,490,wash_trade
1240,533407,491,pump_n_dump
1241,533436,491,pump_n_dump
1242,533544,491,pump_n_dump
1243,534934,492,wash_trade
1244,534940,492,wash_trade
1245,535339,493,wash_trade
1246,535402,493,wash_trade
1247,535411,494,wash_trade
1248,535418,494,wash_trade
1249,535429,495,wash_trade
1250,535462,495,wash_trade
1251,536626,496,pump_n_dump
1252,536666,496,pump_n_dump
1253,536771,496,pump_n_dump
1254,537678,497,pump_n_dump
1255,537707,497,pump_n_dump
1256,537789,497,pump_n_dump
1257,537800,498,wash_trade
1258,537802,498,wash_trade
1259,538090,499,pump_n_dump
1260,538128,499,pump_n_dump
1261,538179,499,pump_n_dump
1262,538192,500,wash_trade
1263,538203,500,wash_trade
1264,538604,501,pump_n_dump
1265,538628,501,pump_n_dump
1266,538698,501,pump_n_dump
1267,539033,502,pump_n_dump
1268,539051,502,pump_n_dump
1269,539142,502,pump_n_dump
1270,539155,503,wash_trade
1271,539194,503,wash_trade
1272,539575,504,wash_trade
1273,539646,504,wash_trade
1274,539655,505,pump_n_dump
1275,539677,505,pump_n_dump
1276,539847,505,pump_n_dump
1277,540205,506,pump_n_dump
1278,540240,506,pump_n_dump
1279,540426,506,pump_n_dump
1280,541382,507,pump_n_dump
1281,541415,507,pump_n_dump
1282,541550,507,pump_n_dump
1283,541565,508,wash_trade
1284,541569,508,wash_trade
1285,544365,509,pump_n_dump
1286,544383,509,pump_n_dump
1287,544528,509,pump_n_dump
1288,544543,510,pump_n_dump
1289,544570,510,pump_n_dump
1290,544709,510,pump_n_dump
1291,544999,511,wash_trade
1292,545002,511,wash_trade
1293,545926,512,wash_trade
1294,545928,512,wash_trade
1295,545990,513,pump_n_dump
1296,546026,513,pump_n_dump
1297,546166,513,pump_n_dump
1298,546449,514,pump_n_dump
1299,546490,514,pump_n_dump
1300,546692,514,pump_n_dump
1301,546703,515,wash_trade
1302,546706,515,wash_trade
1303,548125,516,pump_n_dump
1304,548163,516,pump_n_dump
1305,548383,516,pump_n_dump
1306,548398,517,pump_n_dump
1307,548424,517,pump_n_dump
1308,548592,517,pump_n_dump
1309,549291,518,wash_trade
1310,549293,518,wash_trade
1311,549364,519,pump_n_dump
1312,549389,519,pump_n_dump
1313,549476,519,pump_n_dump
1314,549495,520,pump_n_dump
1315,549520,520,pump_n_dump
1316,549616,520,pump_n_dump
1317,549629,521,wash_trade
1318,549645,521,wash_trade
1319,549655,522,pump_n_dump
1320,549684,522,pump_n_dump
1321,549759,522,pump_n_dump
1322,550100,523,pump_n_dump
1323,550130,523,pump_n_dump
1324,550231,523,pump_n_dump
1325,550544,524,pump_n_dump
1326,550560,524,pump_n_dump
1327,550642,524,pump_n_dump
1328,550668,525,pump_n_dump
1329,550703,525,pump_n_dump
1330,550745,525,pump_n_dump
1331,550768,526,pump_n_dump
1332,550791,526,pump_n_dump
1333,550879,526,pump_n_dump
1334,550894,527,pump_n_dump
1335,550915,527,pump_n_dump
1336,550954,527,pump_n_dump
1337,550971,528,pump_n_dump
1338,550997,528,pump_n_dump
1339,551078,528,pump_n_dump
1340,551331,529,wash_trade
1341,551335,529,wash_trade
1342,551409,530,wash_trade
1343,551411,530,wash_trade
1344,551467,531,wash_trade
1345,551518,531,wash_trade
1346,553082,532,wash_trade
1347,553084,532,wash_trade
1348,553134,533,pump_n_dump
1349,553167,533,pump_n_dump
1350,553346,533,pump_n_dump
1351,553371,534,wash_trade
1352,553407,534,wash_trade
1353,553419,535,pump_n_dump
1354,553452,535,pump_n_dump
1355,553609,535,pump_n_dump
1356,553623,536,wash_trade
1357,553626,536,wash_trade
1358,553965,537,wash_trade
1359,553969,537,wash_trade
1360,554025,538,pump_n_dump
1361,554049,538,pump_n_dump
1362,554214,538,pump_n_dump
1363,554220,539,pump_n_dump
1364,554230,539,pump_n_dump
1365,554413,539,pump_n_dump
1366,556414,540,wash_trade
1367,556415,540,wash_trade
1368,556465,541,wash_trade
1369,556512,541,wash_trade
1370,556924,542,wash_trade
1371,556970,542,wash_trade
1372,556980,543,wash_trade
1373,557036,543,wash_trade
1374,557050,544,wash_trade
1375,557120,544,wash_trade
1376,557133,545,pump_n_dump
1377,557162,545,pump_n_dump
1378,557338,545,pump_n_dump
1379,557674,546,wash_trade
1380,557702,546,wash_trade
1381,558079,547,wash_trade
1382,558080,547,wash_trade
1383,558857,548,pump_n_dump
1384,558891,548,pump_n_dump
1385,559039,548,pump_n_dump
1386,559056,549,pump_n_dump
1387,559087,549,pump_n_dump
1388,559221,549,pump_n_dump
1389,559234,550,wash_trade
1390,559299,550,wash_trade
1391,559880,551,pump_n_dump
1392,559903,551,pump_n_dump
1393,560043,551,pump_n_dump
1394,560058,552,pump_n_dump
1395,560088,552,pump_n_dump
1396,560197,552,pump_n_dump
1397,560208,553,pump_n_dump
1398,560231,553,pump_n_dump
1399,560369,553,pump_n_dump
1400,560377,554,pump_n_dump
1401,560392,554,pump_n_dump
1402,560418,554,pump_n_dump
1403,560431,555,pump_n_dump
1404,560444,555,pump_n_dump
1405,560597,555,pump_n_dump
1406,560840,556,wash_trade
1407,560854,556,wash_trade
1408,560873,557,wash_trade
1409,560878,557,wash_trade
1410,561142,558,pump_n_dump
1411,561161,558,pump_n_dump
1412,561195,558,pump_n_dump
1413,561210,559,wash_trade
1414,561228,559,wash_trade
1415,561247,560,wash_trade
1416,561250,560,wash_trade
1417,561273,561,wash_trade
1418,561289,561,wash_trade
1419,561302,562,wash_trade
1420,561304,562,wash_trade
1421,561598,563,pump_n_dump
1422,561630,563,pump_n_dump
1423,561692,563,pump_n_dump
1424,561699,564,pump_n_dump
1425,561720,564,pump_n_dump
1426,561761,564,pump_n_dump
1427,561777,565,pump_n_dump
1428,561799,565,pump_n_dump
1429,561856,565,pump_n_dump
1430,561870,566,pump_n_dump
1431,561890,566,pump_n_dump
1432,561955,566,pump_n_dump
1433,561979,567,pump_n_dump
1434,562020,567,pump_n_dump
1435,562061,567,pump_n_dump
1436,562901,568,wash_trade
1437,562906,568,wash_trade
1438,562920,569,pump_n_dump
1439,562950,569,pump_n_dump
1440,563016,569,pump_n_dump
1441,563274,570,pump_n_dump
1442,563304,570,pump_n_dump
1443,563337,570,pump_n_dump
1444,563361,571,pump_n_dump
1445,563396,571,pump_n_dump
1446,563443,571,pump_n_dump
1447,563455,572,wash_trade
1448,563459,572,wash_trade
1449,563720,573,pump_n_dump
1450,563753,573,pump_n_dump
1451,563810,573,pump_n_dump
1452,563831,574,wash_trade
1453,563833,574,wash_trade
1454,564837,575,wash_trade
1455,564859,575,wash_trade
1456,566021,576,wash_trade
1457,566035,576,wash_trade
1458,567588,577,wash_trade
1459,567600,577,wash_trade
1460,568343,578,wash_trade
1461,568346,578,wash_trade
1462,568404,579,pump_n_dump
1463,568427,579,pump_n_dump
1464,568540,579,pump_n_dump
1465,568800,580,wash_trade
1466,568830,580,wash_trade
1467,569940,581,pump_n_dump
1468,569972,581,pump_n_dump
1469,570039,581,pump_n_dump
1470,570053,582,wash_trade
1471,570071,582,wash_trade
1472,570570,583,wash_trade
1473,570574,583,wash_trade
1474,570850,584,wash_trade
1475,570855,584,wash_trade
1476,571422,585,wash_trade
1477,571431,585,wash_trade
1478,571445,586,pump_n_dump
1479,571477,586,pump_n_dump
1480,571561,586,pump_n_dump
1481,571850,587,pump_n_dump
1482,571876,587,pump_n_dump
1483,571958,587,pump_n_dump
1484,572530,588,wash_trade
1485,572534,588,wash_trade
1486,572550,589,wash_trade
1487,572570,589,wash_trade
1488,573126,590,pump_n_dump
1489,573157,590,pump_n_dump
1490,573225,590,pump_n_dump
1491,573242,591,pump_n_dump
1492,573277,591,pump_n_dump
1493,573340,591,pump_n_dump
1494,573355,592,pump_n_dump
1495,573384,592,pump_n_dump
1496,573570,592,pump_n_dump
1497,573966,593,wash_trade
1498,573968,593,wash_trade
1499,574007,594,wash_trade
1500,574056,594,wash_trade
1501,574066,595,pump_n_dump
1502,574082,595,pump_n_dump
1503,574180,595,pump_n_dump
1504,574196,596,pump_n_dump
1505,574219,596,pump_n_dump
1506,574332,596,pump_n_dump
1507,574824,597,pump_n_dump
1508,574848,597,pump_n_dump
1509,575000,597,pump_n_dump
1510,575019,598,wash_trade
1511,575022,598,wash_trade
1512,575074,599,pump_n_dump
1513,575093,599,pump_n_dump
1514,575232,599,pump_n_dump
1515,575459,600,pump_n_dump
1516,575474,600,pump_n_dump
1517,575640,600,pump_n_dump
1518,576140,601,wash_trade
1519,576159,601,wash_trade
1520,577129,602,pump_n_dump
1521,577154,602,pump_n_dump
1522,577270,602,pump_n_dump
1523,577279,603,wash_trade
1524,577334,603,wash_trade
1525,577352,604,wash_trade
1526,577412,604,wash_trade
1527,578122,605,wash_trade
1528,578170,605,wash_trade
1529,578506,606,pump_n_dump
1530,578534,606,pump_n_dump
1531,578650,606,pump_n_dump
1532,578663,607,wash_trade
1533,578735,607,wash_trade
1534,578748,608,pump_n_dump
1535,578776,608,pump_n_dump
1536,578904,608,pump_n_dump
1537,578914,609,pump_n_dump
1538,578933,609,pump_n_dump
1539,579007,609,pump_n_dump
1540,579299,610,wash_trade
1541,579305,610,wash_trade
1542,579318,611,wash_trade
1543,579322,611,wash_trade
1544,581405,612,wash_trade
1545,581408,612,wash_trade
1546,581437,613,pump_n_dump
1547,581460,613,pump_n_dump
1548,581510,613,pump_n_dump
1549,581527,614,pump_n_dump
1550,581552,614,pump_n_dump
1551,581634,614,pump_n_dump
1552,581930,615,wash_trade
1553,581934,615,wash_trade
1554,582201,616,pump_n_dump
1555,582229,616,pump_n_dump
1556,582261,616,pump_n_dump
1557,582278,617,pump_n_dump
1558,582315,617,pump_n_dump
1559,582414,617,pump_n_dump
1560,582433,618,wash_trade
1561,582437,618,wash_trade
1562,582491,619,pump_n_dump
1563,582516,619,pump_n_dump
1564,582628,619,pump_n_dump
1565,582644,620,pump_n_dump
1566,582670,620,pump_n_dump
1567,582751,620,pump_n_dump
1568,583285,621,pump_n_dump
1569,583317,621,pump_n_dump
1570,583351,621,pump_n_dump
1571,583366,622,pump_n_dump
1572,583383,622,pump_n_dump
1573,583458,622,pump_n_dump
1574,584111,623,wash_trade
1575,584115,623,wash_trade
1576,585335,624,pump_n_dump
1577,585367,624,pump_n_dump
1578,585452,624,pump_n_dump
1579,585463,625,pump_n_dump
1580,585505,625,pump_n_dump
1581,585573,625,pump_n_dump
1582,585589,626,pump_n_dump
1583,585603,626,pump_n_dump
1584,585619,626,pump_n_dump
1585,585927,627,pump_n_dump
1586,585954,627,pump_n_dump
1587,585997,627,pump_n_dump
1588,586318,628,pump_n_dump
1589,586339,628,pump_n_dump
1590,586375,628,pump_n_dump
1591,586392,629,pump_n_dump
1592,586410,629,pump_n_dump
1593,586438,629,pump_n_dump
1594,586452,630,wash_trade
1595,586461,630,wash_trade
1596,586481,631,pump_n_dump
1597,586512,631,pump_n_dump
1598,586649,631,pump_n_dump
1599,586667,632,wash_trade
1600,586673,632,wash_trade
1601,586697,633,pump_n_dump
1602,586716,633,pump_n_dump
1603,586868,633,pump_n_dump
1604,586889,634,wash_trade
1605,586930,634,wash_trade
1606,586936,635,wash_trade
1607,587008,635,wash_trade
1608,587243,636,wash_trade
1609,587246,636,wash_trade
1610,587297,637,pump_n_dump
1611,587453,637,pump_n_dump
1612,587623,637,pump_n_dump
1613,588415,638,pump_n_dump
1614,588436,638,pump_n_dump
1615,588570,638,pump_n_dump
1616,588581,639,pump_n_dump
1617,588598,639,pump_n_dump
1618,588756,639,pump_n_dump
1619,589955,640,wash_trade
1620,589996,640,wash_trade
1621,590007,641,wash_trade
1622,590060,641,wash_trade
1623,590069,642,wash_trade
1624,590111,642,wash_trade
1625,590762,643,pump_n_dump
1626,590787,643,pump_n_dump
1627,590927,643,pump_n_dump
1628,591501,644,wash_trade
1629,591551,644,wash_trade
1630,591558,645,wash_trade
1631,591560,645,wash_trade
1632,592292,646,wash_trade
1633,592330,646,wash_trade
1634,592731,647,pump_n_dump
1635,592754,647,pump_n_dump
1636,592915,647,pump_n_dump
1637,592928,648,wash_trade
1638,592977,648,wash_trade
1639,593486,649,wash_trade
1640,593489,649,wash_trade
1641,594547,650,wash_trade
1642,594571,650,wash_trade
1643,595263,651,wash_trade
1644,595266,651,wash_trade
1645,595507,652,wash_trade
1646,595513,652,wash_trade
1647,595952,653,pump_n_dump
1648,595978,653,pump_n_dump
1649,596075,653,pump_n_dump
1650,596338,654,pump_n_dump
1651,596346,654,pump_n_dump
1652,596412,654,pump_n_dump
1653,596830,655,wash_trade
1654,596837,655,wash_trade
1655,596868,656,wash_trade
1656,596887,656,wash_trade
1657,598994,657,pump_n_dump
1658,599016,657,pump_n_dump
1659,599109,657,pump_n_dump
1660,599354,658,wash_trade
1661,599356,658,wash_trade
1662,599973,659,wash_trade
1663,599976,659,wash_trade
1664,599991,660,wash_trade
1665,600003,660,wash_trade
1666,600223,661,pump_n_dump
1667,600249,661,pump_n_dump
1668,600317,661,pump_n_dump
1669,600330,662,pump_n_dump
1670,600348,662,pump_n_dump
1671,600422,662,pump_n_dump
1672,600432,663,wash_trade
1673,600435,663,wash_trade
1674,600482,664,wash_trade
1675,600486,664,wash_trade
1676,600760,665,pump_n_dump
1677,600781,665,pump_n_dump
1678,600858,665,pump_n_dump
1679,600867,666,pump_n_dump
1680,600884,666,pump_n_dump
1681,600964,666,pump_n_dump
1682,601163,667,pump_n_dump
1683,601187,667,pump_n_dump
1684,601223,667,pump_n_dump
1685,601237,668,wash_trade
1686,601240,668,wash_trade
1687,602290,669,pump_n_dump
1688,602315,669,pump_n_dump
1689,602345,669,pump_n_dump
1690,602353,670,pump_n_dump
1691,602370,670,pump_n_dump
1692,602454,670,pump_n_dump
1693,602466,671,pump_n_dump
1694,602489,671,pump_n_dump
1695,602546,671,pump_n_dump
1696,603243,672,wash_trade
1697,603275,672,wash_trade
1698,603843,673,pump_n_dump
1699,603863,673,pump_n_dump
1700,604004,673,pump_n_dump
1701,604023,674,wash_trade
1702,604026,674,wash_trade
1703,604419,675,wash_trade
1704,604444,675,wash_trade
1705,605053,676,wash_trade
1706,605057,676,wash_trade
1707,605474,677,pump_n_dump
1708,605490,677,pump_n_dump
1709,605642,677,pump_n_dump
1710,606109,678,pump_n_dump
1711,606135,678,pump_n_dump
1712,606274,678,pump_n_dump
1713,606286,679,pump_n_dump
1714,606312,679,pump_n_dump
1715,606445,679,pump_n_dump
1716,606720,680,wash_trade
1717,606752,680,wash_trade
1718,606758,681,wash_trade
1719,606815,681,wash_trade
1720,607316,682,wash_trade
1721,607362,682,wash_trade
1722,608103,683,wash_trade
1723,608136,683,wash_trade
1724,608143,684,pump_n_dump
1725,608166,684,pump_n_dump
1726,608310,684,pump_n_dump
1727,608324,685,wash_trade
1728,608327,685,wash_trade
1729,608384,686,wash_trade
1730,608388,686,wash_trade
1731,609284,687,wash_trade
1732,609288,687,wash_trade
1733,609320,688,pump_n_dump
1734,609335,688,pump_n_dump
1735,609375,688,pump_n_dump
1736,609389,689,pump_n_dump
1737,609409,689,pump_n_dump
1738,609465,689,pump_n_dump
1739,609704,690,pump_n_dump
1740,609717,690,pump_n_dump
1741,609766,690,pump_n_dump
1742,609780,691,wash_trade
1743,609797,691,wash_trade
1744,610671,692,pump_n_dump
1745,610701,692,pump_n_dump
1746,610762,692,pump_n_dump
1747,610773,693,pump_n_dump
1748,610786,693,pump_n_dump
1749,610854,693,pump_n_dump
1750,611050,694,pump_n_dump
1751,611066,694,pump_n_dump
1752,611100,694,pump_n_dump
1753,611342,695,pump_n_dump
1754,611352,695,pump_n_dump
1755,611432,695,pump_n_dump
1756,611448,696,wash_trade
1757,611451,696,wash_trade
1758,611470,697,wash_trade
1759,611514,697,wash_trade
1760,611987,698,pump_n_dump
1761,612013,698,pump_n_dump
1762,612087,698,pump_n_dump
1763,612105,699,pump_n_dump
1764,612124,699,pump_n_dump
1765,612153,699,pump_n_dump
1766,612165,700,wash_trade
1767,612186,700,wash_trade
1768,612772,701,pump_n_dump
1769,612798,701,pump_n_dump
1770,612855,701,pump_n_dump
1771,613588,702,wash_trade
1772,613590,702,wash_trade
1773,613985,703,wash_trade
1774,614031,703,wash_trade
1775,614042,704,pump_n_dump
1776,614057,704,pump_n_dump
1777,614157,704,pump_n_dump
1778,614454,705,pump_n_dump
1779,614474,705,pump_n_dump
1780,614513,705,pump_n_dump
1781,614785,706,pump_n_dump
1782,614811,706,pump_n_dump
1783,614850,706,pump_n_dump
1784,614862,707,pump_n_dump
1785,614883,707,pump_n_dump
1786,614912,707,pump_n_dump
1787,615166,708,pump_n_dump
1788,615179,708,pump_n_dump
1789,615202,708,pump_n_dump
1790,615209,709,pump_n_dump
1791,615218,709,pump_n_dump
1792,615369,709,pump_n_dump
1793,615591,710,pump_n_dump
1794,615611,710,pump_n_dump
1795,615649,710,pump_n_dump
1796,616505,711,wash_trade
1797,616515,711,wash_trade
1798,616528,712,pump_n_dump
1799,616546,712,pump_n_dump
1800,616632,712,pump_n_dump
1801,616647,713,pump_n_dump
1802,616664,713,pump_n_dump
1803,616689,713,pump_n_dump
1804,617261,714,wash_trade
1805,617269,714,wash_trade
1806,617285,715,wash_trade
1807,617288,715,wash_trade
1808,617308,716,wash_trade
1809,617316,716,wash_trade
1810,617716,717,wash_trade
1811,617735,717,wash_trade
1812,617978,718,pump_n_dump
1813,617994,718,pump_n_dump
1814,618042,718,pump_n_dump
1815,618056,719,wash_trade
1816,618067,719,wash_trade
1817,618074,720,wash_trade
1818,618077,720,wash_trade
1819,618105,721,pump_n_dump
1820,618126,721,pump_n_dump
1821,618166,721,pump_n_dump
1822,618173,722,pump_n_dump
1823,618187,722,pump_n_dump
1824,618262,722,pump_n_dump
1825,618518,723,wash_trade
1826,618522,723,wash_trade
1827,618527,724,pump_n_dump
1828,618541,724,pump_n_dump
1829,618574,724,pump_n_dump
1830,618583,725,wash_trade
1831,618586,725,wash_trade
1832,619100,726,wash_trade
1833,619112,726,wash_trade
1834,619122,727,pump_n_dump
1835,619142,727,pump_n_dump
1836,619170,727,pump_n_dump
1837,619175,728,wash_trade
1838,619177,728,wash_trade
1839,619377,729,wash_trade
1840,619392,729,wash_trade
1841,619402,730,pump_n_dump
1842,619426,730,pump_n_dump
1843,619544,730,pump_n_dump
1844,619553,731,wash_trade
1845,619556,731,wash_trade
1846,619576,732,pump_n_dump
1847,619586,732,pump_n_dump
1848,619685,732,pump_n_dump
1849,619693,733,pump_n_dump
1850,619704,733,pump_n_dump
1851,619821,733,pump_n_dump
1852,619824,734,pump_n_dump
1853,619833,734,pump_n_dump
1854,619966,734,pump_n_dump
1855,619971,735,pump_n_dump
1856,619975,735,pump_n_dump
1857,620120,735,pump_n_dump
1858,620323,736,wash_trade
1859,620349,736,wash_trade
1860,620787,737,wash_trade
1861,620806,737,wash_trade
1862,621886,738,pump_n_dump
1863,621899,738,pump_n_dump
1864,621939,738,pump_n_dump
1865,621947,739,wash_trade
1866,621978,739,wash_trade
1867,622128,740,pump_n_dump
1868,622137,740,pump_n_dump
1869,622224,740,pump_n_dump
1870,622729,741,pump_n_dump
1871,622748,741,pump_n_dump
1872,622835,741,pump_n_dump
1873,623056,742,pump_n_dump
1874,623067,742,pump_n_dump
1875,623091,742,pump_n_dump
1876,623093,743,wash_trade
1877,623095,743,wash_trade
1878,623097,744,pump_n_dump
1879,623103,744,pump_n_dump
1880,623114,744,pump_n_dump
1881,623250,745,pump_n_dump
1882,623266,745,pump_n_dump
1883,623314,745,pump_n_dump
1884,623451,746,wash_trade
1885,623455,746,wash_trade
1886,623591,747,pump_n_dump
1887,623599,747,pump_n_dump
1888,623653,747,pump_n_dump
1889,623776,748,wash_trade
1890,623783,748,wash_trade
1891,623784,749,wash_trade
1892,623786,749,wash_trade
1893,624662,750,pump_n_dump
1894,624671,750,pump_n_dump
1895,624700,750,pump_n_dump
1896,625143,751,pump_n_dump
1897,625151,751,pump_n_dump
1898,625171,751,pump_n_dump
1899,625179,752,wash_trade
1900,625194,752,wash_trade
1901,625476,753,wash_trade
1902,625477,753,wash_trade
1903,625495,754,wash_trade
1904,625505,754,wash_trade
1905,625514,755,pump_n_dump
1906,625531,755,pump_n_dump
1907,625585,755,pump_n_dump
1908,625706,756,wash_trade
1909,625708,756,wash_trade
1910,625711,757,wash_trade
1911,625712,757,wash_trade
1912,625713,758,wash_trade
1913,625717,758,wash_trade
1914,625718,759,wash_trade
1915,625721,759,wash_trade
1916,625988,760,pump_n_dump
1917,626000,760,pump_n_dump
1918,626019,760,pump_n_dump
1919,626027,761,pump_n_dump
1920,626037,761,pump_n_dump
1921,626066,761,pump_n_dump
1922,626077,762,pump_n_dump
1923,626089,762,pump_n_dump
1924,626109,762,pump_n_dump
1925,626117,763,pump_n_dump
1926,626128,763,pump_n_dump
1927,626192,763,pump_n_dump
1928,626198,764,pump_n_dump
1929,626209,764,pump_n_dump
1930,626274,764,pump_n_dump
1931,626421,765,wash_trade
1932,626423,765,wash_trade
1933,626598,766,wash_trade
1934,626600,766,wash_trade
1935,626729,767,pump_n_dump
1936,626736,767,pump_n_dump
1937,626748,767,pump_n_dump
1938,626855,768,pump_n_dump
1939,626862,768,pump_n_dump
1940,626873,768,pump_n_dump
1941,627203,769,wash_trade
1942,627206,769,wash_trade
1943,627214,770,wash_trade
1944,627227,770,wash_trade
1945,627627,771,pump_n_dump
1946,627642,771,pump_n_dump
1947,627674,771,pump_n_dump
1948,627680,772,wash_trade
1949,627682,772,wash_trade
1950,627830,773,pump_n_dump
1951,627840,773,pump_n_dump
1952,627851,773,pump_n_dump
1953,627855,774,pump_n_dump
1954,627869,774,pump_n_dump
1955,627885,774,pump_n_dump
1956,627891,775,wash_trade
1957,627893,775,wash_trade
1958,628125,776,wash_trade
1959,628136,776,wash_trade
1960,628140,777,pump_n_dump
1961,628149,777,pump_n_dump
1962,628192,777,pump_n_dump
1963,628454,778,wash_trade
1964,628476,778,wash_trade
1965,628478,779,pump_n_dump
1966,628484,779,pump_n_dump
1967,628528,779,pump_n_dump
1968,628621,780,pump_n_dump
1969,628629,780,pump_n_dump
1970,628676,780,pump_n_dump
1971,628682,781,wash_trade
1972,628697,781,wash_trade
1973,628809,782,pump_n_dump
1974,628814,782,pump_n_dump
1975,628855,782,pump_n_dump
1976,628858,783,pump_n_dump
1977,628863,783,pump_n_dump
1978,628908,783,pump_n_dump
1979,628909,784,wash_trade
1980,628913,784,wash_trade
1981,628917,785,pump_n_dump
1982,628926,785,pump_n_dump
1983,628966,785,pump_n_dump
1984,628972,786,wash_trade
1985,628974,786,wash_trade
1986,629111,787,pump_n_dump
1987,629119,787,pump_n_dump
1988,629154,787,pump_n_dump
1989,629160,788,pump_n_dump
1990,629169,788,pump_n_dump
1991,629207,788,pump_n_dump
1992,629863,789,wash_trade
1993,629882,789,wash_trade
1994,629885,790,pump_n_dump
1995,629893,790,pump_n_dump
1996,629922,790,pump_n_dump
1997,630598,791,pump_n_dump
1998,630604,791,pump_n_dump
1999,630627,791,pump_n_dump
2000,630760,792,pump_n_dump
2001,630769,792,pump_n_dump
2002,630778,792,pump_n_dump
2003,630858,793,pump_n_dump
2004,630866,793,pump_n_dump
2005,630882,793,pump_n_dump
2006,630887,794,pump_n_dump
2007,630897,794,pump_n_dump
2008,630908,794,pump_n_dump
2009,631190,795,pump_n_dump
2010,631199,795,pump_n_dump
2011,631218,795,pump_n_dump
2012,631334,796,wash_trade
2013,631336,796,wash_trade
2014,631346,797,pump_n_dump
2015,631356,797,pump_n_dump
2016,631377,797,pump_n_dump
2017,631698,798,pump_n_dump
2018,631709,798,pump_n_dump
2019,631729,798,pump_n_dump
2020,631731,799,pump_n_dump
2021,631736,799,pump_n_dump
2022,631749,799,pump_n_dump
2023,631754,800,wash_trade
2024,631757,800,wash_trade
2025,631771,801,pump_n_dump
2026,631779,801,pump_n_dump
2027,631802,801,pump_n_dump
2028,631891,802,wash_trade
2029,631892,802,wash_trade
2030,631905,803,wash_trade
2031,631907,803,wash_trade
2032,632008,804,wash_trade
2033,632009,804,wash_trade
2034,632282,805,pump_n_dump
2035,632292,805,pump_n_dump
2036,632312,805,pump_n_dump
2037,632314,806,pump_n_dump
2038,632317,806,pump_n_dump
2039,632323,806,pump_n_dump
2040,632537,807,wash_trade
2041,632539,807,wash_trade
2042,632687,808,wash_trade
2043,632691,808,wash_trade
2044,632693,809,wash_trade
2045,632694,809,wash_trade
2046,632861,810,pump_n_dump
2047,632870,810,pump_n_dump
2048,632879,810,pump_n_dump
2049,632881,811,wash_trade
2050,632889,811,wash_trade
2051,633010,812,wash_trade
2052,633013,812,wash_trade
2053,633234,813,pump_n_dump
2054,633240,813,pump_n_dump
2055,633260,813,pump_n_dump
2056,633352,814,pump_n_dump
2057,633361,814,pump_n_dump
2058,633380,814,pump_n_dump
2059,633747,815,pump_n_dump
2060,633756,815,pump_n_dump
2061,633797,815,pump_n_dump
2062,633802,816,pump_n_dump
2063,633808,816,pump_n_dump
2064,633841,816,pump_n_dump
2065,633846,817,wash_trade
2066,633847,817,wash_trade
2067,633859,818,wash_trade
2068,633878,818,wash_trade
2069,633882,819,pump_n_dump
2070,633892,819,pump_n_dump
2071,633932,819,pump_n_dump
2072,634245,820,pump_n_dump
2073,634249,820,pump_n_dump
2074,634287,820,pump_n_dump
2075,634289,821,pump_n_dump
2076,634293,821,pump_n_dump
2077,634328,821,pump_n_dump
2078,634726,822,pump_n_dump
2079,634734,822,pump_n_dump
2080,634776,822,pump_n_dump
2081,634779,823,pump_n_dump
2082,634784,823,pump_n_dump
2083,634822,823,pump_n_dump
2084,635052,824,wash_trade
2085,635069,824,wash_trade
2086,635589,825,pump_n_dump
2087,635594,825,pump_n_dump
2088,635638,825,pump_n_dump
2089,635640,826,pump_n_dump
2090,635645,826,pump_n_dump
2091,635682,826,pump_n_dump
2092,635684,827,wash_trade
2093,635685,827,wash_trade
2094,635775,828,pump_n_dump
2095,635783,828,pump_n_dump
2096,635809,828,pump_n_dump
2097,635998,829,pump_n_dump
2098,636009,829,pump_n_dump
2099,636036,829,pump_n_dump
2100,636038,830,pump_n_dump
2101,636044,830,pump_n_dump
2102,636059,830,pump_n_dump
2103,636065,831,wash_trade
2104,636070,831,wash_trade
2105,636171,832,pump_n_dump
2106,636179,832,pump_n_dump
2107,636198,832,pump_n_dump
2108,636495,833,pump_n_dump
2109,636501,833,pump_n_dump
2110,636519,833,pump_n_dump
2111,636752,834,wash_trade
2112,636753,834,wash_trade
2113,636759,835,wash_trade
2114,636769,835,wash_trade
2115,636875,836,pump_n_dump
2116,636886,836,pump_n_dump
2117,636896,836,pump_n_dump
2118,636900,837,pump_n_dump
2119,636909,837,pump_n_dump
2120,636930,837,pump_n_dump
2121,636935,838,wash_trade
2122,636937,838,wash_trade
2123,636943,839,pump_n_dump
2124,636950,839,pump_n_dump
2125,636953,839,pump_n_dump
2126,636954,840,pump_n_dump
2127,636959,840,pump_n_dump
2128,636998,840,pump_n_dump
2129,637119,841,pump_n_dump
2130,637125,841,pump_n_dump
2131,637144,841,pump_n_dump
2132,637246,842,wash_trade
2133,637247,842,wash_trade
2134,637638,843,pump_n_dump
2135,637647,843,pump_n_dump
2136,637677,843,pump_n_dump
2137,638030,844,pump_n_dump
2138,638039,844,pump_n_dump
2139,638059,844,pump_n_dump
2140,638150,845,wash_trade
2141,638152,845,wash_trade
2142,638276,846,wash_trade
2143,638277,846,wash_trade
2144,638279,847,pump_n_dump
2145,638282,847,pump_n_dump
2146,638296,847,pump_n_dump
2147,638301,848,pump_n_dump
2148,638311,848,pump_n_dump
2149,638324,848,pump_n_dump
2150,638503,849,pump_n_dump
2151,638513,849,pump_n_dump
2152,638523,849,pump_n_dump
2153,638529,850,wash_trade
2154,638543,850,wash_trade
2155,638544,851,wash_trade
2156,638546,851,wash_trade
2157,639421,852,pump_n_dump
2158,639477,852,pump_n_dump
2159,639661,852,pump_n_dump
2160,642447,853,wash_trade
2161,642496,853,wash_trade
2162,644403,854,wash_trade
2163,644416,854,wash_trade
2164,652229,855,wash_trade
2165,652252,855,wash_trade
2166,654412,856,wash_trade
2167,654598,856,wash_trade
2168,656352,857,pump_n_dump
2169,656503,857,pump_n_dump
2170,657119,857,pump_n_dump
2171,657248,858,wash_trade
2172,657375,858,wash_trade
2173,661257,859,wash_trade
2174,661355,859,wash_trade
2175,663418,860,pump_n_dump
2176,663544,860,pump_n_dump
2177,664064,860,pump_n_dump
2178,664122,861,wash_trade
2179,664141,861,wash_trade
2180,665296,862,pump_n_dump
2181,665409,862,pump_n_dump
2182,665703,862,pump_n_dump
2183,665798,863,pump_n_dump
2184,665943,863,pump_n_dump
2185,666727,863,pump_n_dump
2186,667663,864,pump_n_dump
2187,667747,864,pump_n_dump
2188,668458,864,pump_n_dump
2189,668538,865,pump_n_dump
2190,668611,865,pump_n_dump
2191,669178,865,pump_n_dump
2192,671630,866,wash_trade
2193,671785,866,wash_trade
2194,674412,867,wash_trade
2195,674421,867,wash_trade
2196,675556,868,pump_n_dump
2197,675628,868,pump_n_dump
2198,676174,868,pump_n_dump
2199,678742,869,wash_trade
2200,678753,869,wash_trade
2201,678950,870,pump_n_dump
2202,679049,870,pump_n_dump
2203,679462,870,pump_n_dump
2204,680189,871,pump_n_dump
2205,680262,871,pump_n_dump
2206,680741,871,pump_n_dump
2207,680791,872,pump_n_dump
2208,681093,872,pump_n_dump
2209,682050,872,pump_n_dump
2210,683541,873,pump_n_dump
2211,683660,873,pump_n_dump
2212,684581,873,pump_n_dump
2213,686474,874,pump_n_dump
2214,686613,874,pump_n_dump
2215,687341,874,pump_n_dump
2216,687422,875,wash_trade
2217,687648,875,wash_trade
2218,688926,876,pump_n_dump
2219,689034,876,pump_n_dump
2220,689596,876,pump_n_dump
2221,690820,877,pump_n_dump
2222,690931,877,pump_n_dump
2223,691153,877,pump_n_dump
2224,691215,878,pump_n_dump
2225,691326,878,pump_n_dump
2226,691685,878,pump_n_dump
2227,691728,879,wash_trade
2228,691733,879,wash_trade
2229,691983,880,pump_n_dump
2230,692082,880,pump_n_dump
2231,692246,880,pump_n_dump
2232,692311,881,wash_trade
2233,692346,881,wash_trade
2234,693575,882,pump_n_dump
2235,693653,882,pump_n_dump
2236,693865,882,pump_n_dump
2237,693939,883,pump_n_dump
2238,694048,883,pump_n_dump
2239,694251,883,pump_n_dump
2240,695141,884,wash_trade
2241,695184,884,wash_trade
2242,695248,885,pump_n_dump
2243,695339,885,pump_n_dump
2244,695553,885,pump_n_dump
2245,696353,886,wash_trade
2246,696359,886,wash_trade
2247,697345,887,wash_trade
2248,697350,887,wash_trade
2249,698320,888,pump_n_dump
2250,698402,888,pump_n_dump
2251,698613,888,pump_n_dump
2252,702833,889,pump_n_dump
2253,702932,889,pump_n_dump
2254,703195,889,pump_n_dump
2255,703275,890,wash_trade
2256,703288,890,wash_trade
2257,705817,891,wash_trade
2258,705866,891,wash_trade
2259,707027,892,pump_n_dump
2260,707125,892,pump_n_dump
2261,707282,892,pump_n_dump
2262,707300,893,pump_n_dump
2263,707372,893,pump_n_dump
2264,707515,893,pump_n_dump
2265,707572,894,pump_n_dump
2266,707638,894,pump_n_dump
2267,707715,894,pump_n_dump
2268,707755,895,wash_trade
2269,707758,895,wash_trade
2270,708001,896,pump_n_dump
2271,708064,896,pump_n_dump
2272,708540,896,pump_n_dump
2273,709295,897,wash_trade
2274,709475,897,wash_trade
2275,710963,898,wash_trade
2276,711147,898,wash_trade
2277,713311,899,wash_trade
2278,713454,899,wash_trade
2279,714300,900,pump_n_dump
2280,714372,900,pump_n_dump
2281,714841,900,pump_n_dump
2282,714864,901,pump_n_dump
2283,714926,901,pump_n_dump
2284,715455,901,pump_n_dump
2285,716169,902,pump_n_dump
2286,716243,902,pump_n_dump
2287,716716,902,pump_n_dump
2288,718499,903,pump_n_dump
2289,718540,903,pump_n_dump
2290,718875,903,pump_n_dump
2291,721357,904,wash_trade
2292,721359,904,wash_trade
2293,723129,905,pump_n_dump
2294,723195,905,pump_n_dump
2295,723621,905,pump_n_dump
2296,725510,906,pump_n_dump
2297,725575,906,pump_n_dump
2298,725728,906,pump_n_dump
2299,726318,907,wash_trade
2300,726368,907,wash_trade
2301,726379,908,pump_n_dump
2302,726405,908,pump_n_dump
2303,726572,908,pump_n_dump
2304,727100,909,pump_n_dump
2305,727137,909,pump_n_dump
2306,727241,909,pump_n_dump
2307,728232,910,pump_n_dump
2308,728265,910,pump_n_dump
2309,728463,910,pump_n_dump
2310,729421,911,pump_n_dump
2311,729475,911,pump_n_dump
2312,729658,911,pump_n_dump
2313,731408,912,pump_n_dump
2314,731466,912,pump_n_dump
2315,731572,912,pump_n_dump
2316,731584,913,wash_trade
2317,731650,913,wash_trade
2318,731694,914,pump_n_dump
2319,731746,914,pump_n_dump
2320,731938,914,pump_n_dump
2321,731968,915,wash_trade
2322,731973,915,wash_trade
2323,732127,916,pump_n_dump
2324,732175,916,pump_n_dump
2325,732239,916,pump_n_dump
2326,735937,917,pump_n_dump
2327,735977,917,pump_n_dump
2328,736199,917,pump_n_dump
2329,736227,918,pump_n_dump
2330,736285,918,pump_n_dump
2331,736501,918,pump_n_dump
2332,737002,919,wash_trade
2333,737004,919,wash_trade
2334,737021,920,pump_n_dump
2335,737056,920,pump_n_dump
2336,737192,920,pump_n_dump
2337,737224,921,wash_trade
2338,737319,921,wash_trade
2339,737758,922,pump_n_dump
2340,737798,922,pump_n_dump
2341,738140,922,pump_n_dump
2342,738172,923,wash_trade
2343,738179,923,wash_trade
2344,739122,924,wash_trade
2345,739171,924,wash_trade
2346,739181,925,wash_trade
2347,739183,925,wash_trade
2348,740120,926,wash_trade
2349,740126,926,wash_trade
2350,740240,927,pump_n_dump
2351,740297,927,pump_n_dump
2352,740569,927,pump_n_dump
2353,740581,928,wash_trade
2354,740584,928,wash_trade
2355,740714,929,wash_trade
2356,740715,929,wash_trade
2357,740824,930,wash_trade
2358,740933,930,wash_trade
2359,740941,931,pump_n_dump
2360,740999,931,pump_n_dump
2361,741282,931,pump_n_dump
2362,741296,932,wash_trade
2363,741375,932,wash_trade
2364,742851,933,wash_trade
2365,742859,933,wash_trade
2366,745109,934,wash_trade
2367,745111,934,wash_trade
2368,745796,935,pump_n_dump
2369,745826,935,pump_n_dump
2370,746118,935,pump_n_dump
2371,746124,936,wash_trade
2372,746184,936,wash_trade
2373,746192,937,wash_trade
2374,746194,937,wash_trade
2375,747117,938,pump_n_dump
2376,747134,938,pump_n_dump
2377,747332,938,pump_n_dump
2378,747360,939,pump_n_dump
2379,747383,939,pump_n_dump
2380,747477,939,pump_n_dump
2381,748074,940,pump_n_dump
2382,748107,940,pump_n_dump
2383,748200,940,pump_n_dump
2384,748222,941,wash_trade
2385,748227,941,wash_trade
2386,748276,942,pump_n_dump
2387,748307,942,pump_n_dump
2388,748326,942,pump_n_dump
2389,748335,943,pump_n_dump
2390,748360,943,pump_n_dump
2391,748418,943,pump_n_dump
2392,748443,944,pump_n_dump
2393,748483,944,pump_n_dump
2394,748588,944,pump_n_dump
2395,749628,945,wash_trade
2396,749634,945,wash_trade
2397,749697,946,wash_trade
2398,749746,946,wash_trade
2399,749769,947,pump_n_dump
2400,749786,947,pump_n_dump
2401,749827,947,pump_n_dump
2402,751145,948,pump_n_dump
2403,751172,948,pump_n_dump
2404,751221,948,pump_n_dump
2405,751226,949,pump_n_dump
2406,751249,949,pump_n_dump
2407,751301,949,pump_n_dump
2408,751311,950,pump_n_dump
2409,751327,950,pump_n_dump
2410,751420,950,pump_n_dump
2411,752441,951,wash_trade
2412,752454,951,wash_trade
2413,752471,952,wash_trade
2414,752473,952,wash_trade
2415,753081,953,wash_trade
2416,753094,953,wash_trade
2417,753110,954,wash_trade
2418,753115,954,wash_trade
2419,753628,955,pump_n_dump
2420,753645,955,pump_n_dump
2421,753783,955,pump_n_dump
2422,753791,956,pump_n_dump
2423,753802,956,pump_n_dump
2424,753843,956,pump_n_dump
2425,753868,957,pump_n_dump
2426,753913,957,pump_n_dump
2427,753954,957,pump_n_dump
2428,754245,958,wash_trade
2429,754258,958,wash_trade
2430,754289,959,wash_trade
2431,754293,959,wash_trade
2432,754329,960,wash_trade
2433,754372,960,wash_trade
2434,754378,961,wash_trade
2435,754383,961,wash_trade
2436,754660,962,pump_n_dump
2437,754678,962,pump_n_dump
2438,754715,962,pump_n_dump
2439,755030,963,pump_n_dump
2440,755042,963,pump_n_dump
2441,755127,963,pump_n_dump
2442,755138,964,wash_trade
2443,755142,964,wash_trade
2444,757075,965,wash_trade
2445,757118,965,wash_trade
2446,757192,966,wash_trade
2447,757235,966,wash_trade
2448,757303,967,wash_trade
2449,757307,967,wash_trade
2450,757558,968,wash_trade
2451,757751,968,wash_trade
2452,762457,969,wash_trade
2453,762499,969,wash_trade
2454,762535,970,wash_trade
2455,762563,970,wash_trade
2456,764863,971,pump_n_dump
2457,764919,971,pump_n_dump
2458,765173,971,pump_n_dump
2459,765220,972,pump_n_dump
2460,765271,972,pump_n_dump
2461,765569,972,pump_n_dump
2462,765599,973,wash_trade
2463,765619,973,wash_trade
2464,766706,974,pump_n_dump
2465,766759,974,pump_n_dump
2466,766944,974,pump_n_dump
2467,766974,975,pump_n_dump
2468,767030,975,pump_n_dump
2469,767125,975,pump_n_dump
2470,767671,976,pump_n_dump
2471,767715,976,pump_n_dump
2472,767783,976,pump_n_dump
2473,767825,977,pump_n_dump
2474,767883,977,pump_n_dump
2475,768147,977,pump_n_dump
2476,768200,978,wash_trade
2477,768206,978,wash_trade
2478,769526,979,wash_trade
2479,769533,979,wash_trade
2480,770165,980,wash_trade
2481,770172,980,wash_trade
2482,774971,981,wash_trade
2483,775026,981,wash_trade
2484,775434,982,pump_n_dump
2485,775491,982,pump_n_dump
2486,775854,982,pump_n_dump
2487,775870,983,wash_trade
2488,775964,983,wash_trade
2489,776444,984,pump_n_dump
2490,776475,984,pump_n_dump
2491,776771,984,pump_n_dump
2492,776823,985,wash_trade
2493,776924,985,wash_trade
2494,777324,986,wash_trade
2495,777329,986,wash_trade
2496,779347,987,wash_trade
2497,779354,987,wash_trade
2498,780105,988,pump_n_dump
2499,780161,988,pump_n_dump
2500,780458,988,pump_n_dump
2501,780836,989,wash_trade
2502,780843,989,wash_trade
2503,780910,990,wash_trade
2504,780913,990,wash_trade
2505,781516,991,wash_trade
2506,781556,991,wash_trade
2507,781983,992,pump_n_dump
2508,782031,992,pump_n_dump
2509,782152,992,pump_n_dump
2510,782664,993,wash_trade
2511,782722,993,wash_trade
2512,782738,994,pump_n_dump
2513,782801,994,pump_n_dump
2514,782971,994,pump_n_dump
2515,783017,995,pump_n_dump
2516,783069,995,pump_n_dump
2517,783137,995,pump_n_dump
2518,783159,996,pump_n_dump
2519,783187,996,pump_n_dump
2520,783299,996,pump_n_dump
2521,783315,997,wash_trade
2522,783319,997,wash_trade
2523,783451,998,wash_trade
2524,783556,998,wash_trade
2525,783571,999,wash_trade
2526,783576,999,wash_trade
2527,783611,1000,pump_n_dump
2528,783657,1000,pump_n_dump
2529,783737,1000,pump_n_dump
2530,784320,1001,pump_n_dump
2531,784345,1001,pump_n_dump
2532,784462,1001,pump_n_dump
2533,784513,1002,wash_trade
2534,784536,1002,wash_trade
2535,786078,1003,wash_trade
2536,786106,1003,wash_trade
2537,786125,1004,wash_trade
2538,786140,1004,wash_trade
2539,786150,1005,wash_trade
2540,786163,1005,wash_trade
2541,786758,1006,pump_n_dump
2542,786803,1006,pump_n_dump
2543,786877,1006,pump_n_dump
2544,786893,1007,wash_trade
2545,786904,1007,wash_trade
2546,787510,1008,wash_trade
2547,787551,1008,wash_trade
2548,787572,1009,wash_trade
2549,787576,1009,wash_trade
2550,787688,1010,pump_n_dump
2551,787757,1010,pump_n_dump
2552,787838,1010,pump_n_dump
2553,788367,1011,wash_trade
2554,788377,1011,wash_trade
2555,789694,1012,wash_trade
2556,789730,1012,wash_trade
2557,790614,1013,pump_n_dump
2558,790676,1013,pump_n_dump
2559,790769,1013,pump_n_dump
2560,791262,1014,wash_trade
2561,791269,1014,wash_trade
2562,791362,1015,pump_n_dump
2563,791421,1015,pump_n_dump
2564,791526,1015,pump_n_dump
2565,791547,1016,pump_n_dump
2566,791575,1016,pump_n_dump
2567,791665,1016,pump_n_dump
2568,792915,1017,pump_n_dump
2569,792944,1017,pump_n_dump
2570,793258,1017,pump_n_dump
2571,793707,1018,pump_n_dump
2572,793746,1018,pump_n_dump
2573,793985,1018,pump_n_dump
2574,794019,1019,wash_trade
2575,794028,1019,wash_trade
2576,794530,1020,wash_trade
2577,794534,1020,wash_trade
2578,794626,1021,wash_trade
2579,794635,1021,wash_trade
2580,797362,1022,wash_trade
2581,797367,1022,wash_trade
2582,797856,1023,pump_n_dump
2583,797889,1023,pump_n_dump
2584,798179,1023,pump_n_dump
2585,800092,1024,pump_n_dump
2586,800119,1024,pump_n_dump
2587,800364,1024,pump_n_dump
2588,803000,1025,wash_trade
2589,803006,1025,wash_trade
2590,803110,1026,wash_trade
2591,803116,1026,wash_trade
2592,804135,1027,pump_n_dump
2593,804175,1027,pump_n_dump
2594,804443,1027,pump_n_dump
2595,805413,1028,pump_n_dump
2596,805445,1028,pump_n_dump
2597,805512,1028,pump_n_dump
2598,805962,1029,pump_n_dump
2599,805999,1029,pump_n_dump
2600,806098,1029,pump_n_dump
2601,806122,1030,wash_trade
2602,806126,1030,wash_trade
2603,806686,1031,pump_n_dump
2604,806738,1031,pump_n_dump
2605,806905,1031,pump_n_dump
2606,808227,1032,wash_trade
2607,808235,1032,wash_trade
2608,808332,1033,pump_n_dump
2609,808367,1033,pump_n_dump
2610,808564,1033,pump_n_dump
2611,808583,1034,pump_n_dump
2612,808621,1034,pump_n_dump
2613,808715,1034,pump_n_dump
2614,808757,1035,pump_n_dump
2615,808802,1035,pump_n_dump
2616,808952,1035,pump_n_dump
2617,809297,1036,wash_trade
2618,809307,1036,wash_trade
2619,809311,1037,pump_n_dump
2620,809335,1037,pump_n_dump
2621,809483,1037,pump_n_dump
2622,809510,1038,pump_n_dump
2623,809550,1038,pump_n_dump
2624,809606,1038,pump_n_dump
2625,809637,1039,pump_n_dump
2626,809672,1039,pump_n_dump
2627,809747,1039,pump_n_dump
2628,809757,1040,wash_trade
2629,809760,1040,wash_trade
2630,809778,1041,pump_n_dump
2631,809812,1041,pump_n_dump
2632,809867,1041,pump_n_dump
2633,810254,1042,wash_trade
2634,810263,1042,wash_trade
2635,810590,1043,pump_n_dump
2636,810657,1043,pump_n_dump
2637,810728,1043,pump_n_dump
2638,810735,1044,pump_n_dump
2639,810778,1044,pump_n_dump
2640,810804,1044,pump_n_dump
2641,810815,1045,pump_n_dump
2642,810842,1045,pump_n_dump
2643,810897,1045,pump_n_dump
2644,810926,1046,pump_n_dump
2645,810982,1046,pump_n_dump
2646,811244,1046,pump_n_dump
2647,811692,1047,pump_n_dump
2648,811747,1047,pump_n_dump
2649,811826,1047,pump_n_dump
2650,812550,1048,wash_trade
2651,812568,1048,wash_trade
2652,812944,1049,wash_trade
2653,812953,1049,wash_trade
2654,812962,1050,wash_trade
2655,813002,1050,wash_trade
2656,813020,1051,wash_trade
2657,813052,1051,wash_trade
2658,813076,1052,wash_trade
2659,813081,1052,wash_trade
2660,813722,1053,wash_trade
2661,813730,1053,wash_trade
2662,814102,1054,pump_n_dump
2663,814144,1054,pump_n_dump
2664,814213,1054,pump_n_dump
2665,814233,1055,wash_trade
2666,814294,1055,wash_trade
2667,815325,1056,wash_trade
2668,815364,1056,wash_trade
2669,815928,1057,pump_n_dump
2670,815969,1057,pump_n_dump
2671,816078,1057,pump_n_dump
2672,816110,1058,pump_n_dump
2673,816155,1058,pump_n_dump
2674,816250,1058,pump_n_dump
2675,816613,1059,pump_n_dump
2676,816678,1059,pump_n_dump
2677,816749,1059,pump_n_dump
2678,816782,1060,wash_trade
2679,816784,1060,wash_trade
2680,816818,1061,wash_trade
2681,816820,1061,wash_trade
2682,817702,1062,pump_n_dump
2683,817721,1062,pump_n_dump
2684,817807,1062,pump_n_dump
2685,818228,1063,wash_trade
2686,818263,1063,wash_trade
2687,818661,1064,wash_trade
2688,818671,1064,wash_trade
2689,818709,1065,pump_n_dump
2690,818744,1065,pump_n_dump
2691,818786,1065,pump_n_dump
2692,819841,1066,pump_n_dump
2693,819889,1066,pump_n_dump
2694,819983,1066,pump_n_dump
2695,820405,1067,wash_trade
2696,820408,1067,wash_trade
2697,820941,1068,pump_n_dump
2698,820965,1068,pump_n_dump
2699,821095,1068,pump_n_dump
2700,823218,1069,pump_n_dump
2701,823277,1069,pump_n_dump
2702,823523,1069,pump_n_dump
2703,823548,1070,wash_trade
2704,823657,1070,wash_trade
2705,823677,1071,pump_n_dump
2706,823704,1071,pump_n_dump
2707,824033,1071,pump_n_dump
2708,825357,1072,pump_n_dump
2709,825376,1072,pump_n_dump
2710,825608,1072,pump_n_dump
2711,825633,1073,pump_n_dump
2712,825673,1073,pump_n_dump
2713,825954,1073,pump_n_dump
2714,825971,1074,wash_trade
2715,825977,1074,wash_trade
2716,826029,1075,wash_trade
2717,826031,1075,wash_trade
2718,826455,1076,pump_n_dump
2719,826477,1076,pump_n_dump
2720,826685,1076,pump_n_dump
2721,826709,1077,pump_n_dump
2722,826739,1077,pump_n_dump
2723,826965,1077,pump_n_dump
2724,826989,1078,pump_n_dump
2725,827015,1078,pump_n_dump
2726,827263,1078,pump_n_dump
2727,827297,1079,wash_trade
2728,827302,1079,wash_trade
2729,827401,1080,pump_n_dump
2730,827431,1080,pump_n_dump
2731,827697,1080,pump_n_dump
2732,827726,1081,pump_n_dump
2733,827754,1081,pump_n_dump
2734,828031,1081,pump_n_dump
2735,828066,1082,pump_n_dump
2736,828106,1082,pump_n_dump
2737,828279,1082,pump_n_dump
2738,828700,1083,wash_trade
2739,828707,1083,wash_trade
2740,828785,1084,pump_n_dump
2741,828840,1084,pump_n_dump
2742,829131,1084,pump_n_dump
2743,829565,1085,wash_trade
2744,829579,1085,wash_trade
2745,830029,1086,pump_n_dump
2746,830088,1086,pump_n_dump
2747,830347,1086,pump_n_dump
2748,831729,1087,pump_n_dump
2749,831757,1087,pump_n_dump
2750,831862,1087,pump_n_dump
2751,831879,1088,pump_n_dump
2752,831894,1088,pump_n_dump
2753,831969,1088,pump_n_dump
2754,832299,1089,pump_n_dump
2755,832336,1089,pump_n_dump
2756,832420,1089,pump_n_dump
2757,832455,1090,wash_trade
2758,832488,1090,wash_trade
2759,832527,1091,wash_trade
2760,832535,1091,wash_trade
2761,832570,1092,wash_trade
2762,832591,1092,wash_trade
2763,832598,1093,wash_trade
2764,832608,1093,wash_trade
2765,833746,1094,pump_n_dump
2766,833768,1094,pump_n_dump
2767,833851,1094,pump_n_dump
2768,835853,1095,pump_n_dump
2769,835880,1095,pump_n_dump
2770,835968,1095,pump_n_dump
2771,837307,1096,wash_trade
2772,837320,1096,wash_trade
2773,837619,1097,wash_trade
2774,837632,1097,wash_trade
2775,838231,1098,wash_trade
2776,838238,1098,wash_trade
2777,838811,1099,wash_trade
2778,838813,1099,wash_trade
2779,839040,1100,wash_trade
2780,839049,1100,wash_trade
2781,839131,1101,pump_n_dump
2782,839159,1101,pump_n_dump
2783,839279,1101,pump_n_dump
2784,839572,1102,pump_n_dump
2785,839581,1102,pump_n_dump
2786,839703,1102,pump_n_dump
2787,839710,1103,pump_n_dump
2788,839749,1103,pump_n_dump
2789,839889,1103,pump_n_dump
2790,840381,1104,wash_trade
2791,840391,1104,wash_trade
2792,840696,1105,pump_n_dump
2793,840726,1105,pump_n_dump
2794,840826,1105,pump_n_dump
2795,840861,1106,wash_trade
2796,840866,1106,wash_trade
2797,841660,1107,pump_n_dump
2798,841694,1107,pump_n_dump
2799,841754,1107,pump_n_dump
2800,841758,1108,pump_n_dump
2801,841780,1108,pump_n_dump
2802,841866,1108,pump_n_dump
2803,842376,1109,wash_trade
2804,842379,1109,wash_trade
2805,844032,1110,pump_n_dump
2806,844042,1110,pump_n_dump
2807,844202,1110,pump_n_dump
2808,844210,1111,pump_n_dump
2809,844239,1111,pump_n_dump
2810,844318,1111,pump_n_dump
2811,844335,1112,pump_n_dump
2812,844352,1112,pump_n_dump
2813,844402,1112,pump_n_dump
2814,844421,1113,wash_trade
2815,844435,1113,wash_trade
2816,844452,1114,wash_trade
2817,844465,1114,wash_trade
2818,844939,1115,pump_n_dump
2819,844976,1115,pump_n_dump
2820,845058,1115,pump_n_dump
2821,845555,1116,pump_n_dump
2822,845576,1116,pump_n_dump
2823,845659,1116,pump_n_dump
2824,845689,1117,pump_n_dump
2825,845736,1117,pump_n_dump
2826,845766,1117,pump_n_dump
2827,846104,1118,wash_trade
2828,846108,1118,wash_trade
2829,846113,1119,wash_trade
2830,846176,1119,wash_trade
2831,847249,1120,wash_trade
2832,847252,1120,wash_trade
2833,847259,1121,pump_n_dump
2834,847275,1121,pump_n_dump
2835,847341,1121,pump_n_dump
2836,847824,1122,wash_trade
2837,847831,1122,wash_trade
2838,847834,1123,wash_trade
2839,847864,1123,wash_trade
2840,848049,1124,wash_trade
2841,848053,1124,wash_trade
2842,848607,1125,wash_trade
2843,848610,1125,wash_trade
2844,849840,1126,pump_n_dump
2845,849856,1126,pump_n_dump
2846,849959,1126,pump_n_dump
2847,849962,1127,pump_n_dump
2848,849968,1127,pump_n_dump
2849,850062,1127,pump_n_dump
2850,850075,1128,pump_n_dump
2851,850098,1128,pump_n_dump
2852,850127,1128,pump_n_dump
2853,850132,1129,wash_trade
2854,850137,1129,wash_trade
2855,850150,1130,pump_n_dump
2856,850164,1130,pump_n_dump
2857,850180,1130,pump_n_dump
2858,850187,1131,pump_n_dump
2859,850210,1131,pump_n_dump
2860,850236,1131,pump_n_dump
2861,850442,1132,pump_n_dump
2862,850460,1132,pump_n_dump
2863,850481,1132,pump_n_dump
2864,850689,1133,wash_trade
2865,850693,1133,wash_trade
2866,850707,1134,pump_n_dump
2867,850725,1134,pump_n_dump
2868,850771,1134,pump_n_dump
2869,850787,1135,pump_n_dump
2870,850794,1135,pump_n_dump
2871,850845,1135,pump_n_dump
2872,850863,1136,pump_n_dump
2873,850872,1136,pump_n_dump
2874,850900,1136,pump_n_dump
2875,850914,1137,pump_n_dump
2876,850953,1137,pump_n_dump
2877,850996,1137,pump_n_dump
2878,851013,1138,wash_trade
2879,851020,1138,wash_trade
2880,851027,1139,pump_n_dump
2881,851034,1139,pump_n_dump
2882,851059,1139,pump_n_dump
2883,852158,1140,pump_n_dump
2884,852184,1140,pump_n_dump
2885,852264,1140,pump_n_dump
2886,852267,1141,wash_trade
2887,852272,1141,wash_trade
2888,852471,1142,pump_n_dump
2889,852480,1142,pump_n_dump
2890,852575,1142,pump_n_dump
2891,852745,1143,pump_n_dump
2892,852762,1143,pump_n_dump
2893,852855,1143,pump_n_dump
2894,852860,1144,wash_trade
2895,852863,1144,wash_trade
2896,853084,1145,wash_trade
2897,853091,1145,wash_trade
2898,853146,1146,wash_trade
2899,853203,1146,wash_trade
2900,853220,1147,pump_n_dump
2901,853231,1147,pump_n_dump
2902,853359,1147,pump_n_dump
2903,854924,1148,wash_trade
2904,854978,1148,wash_trade
2905,854982,1149,pump_n_dump
2906,855009,1149,pump_n_dump
2907,855111,1149,pump_n_dump
2908,855118,1150,wash_trade
2909,855120,1150,wash_trade
2910,855153,1151,wash_trade
2911,855154,1151,wash_trade
2912,855216,1152,wash_trade
2913,855239,1152,wash_trade
2914,855683,1153,wash_trade
2915,855685,1153,wash_trade
2916,855725,1154,wash_trade
2917,855791,1154,wash_trade
2918,857346,1155,pump_n_dump
2919,857375,1155,pump_n_dump
2920,857503,1155,pump_n_dump
2921,857514,1156,pump_n_dump
2922,857539,1156,pump_n_dump
2923,857657,1156,pump_n_dump
2924,858011,1157,pump_n_dump
2925,858020,1157,pump_n_dump
2926,858119,1157,pump_n_dump
2927,858535,1158,wash_trade
2928,858544,1158,wash_trade
2929,858576,1159,pump_n_dump
2930,858582,1159,pump_n_dump
2931,858637,1159,pump_n_dump
2932,858923,1160,pump_n_dump
2933,858940,1160,pump_n_dump
2934,859037,1160,pump_n_dump
2935,859525,1161,pump_n_dump
2936,859535,1161,pump_n_dump
2937,859578,1161,pump_n_dump
2938,859798,1162,pump_n_dump
2939,859832,1162,pump_n_dump
2940,859923,1162,pump_n_dump
2941,860309,1163,pump_n_dump
2942,860317,1163,pump_n_dump
2943,860335,1163,pump_n_dump
2944,860572,1164,pump_n_dump
2945,860579,1164,pump_n_dump
2946,860645,1164,pump_n_dump
2947,860989,1165,wash_trade
2948,860994,1165,wash_trade
2949,861163,1166,wash_trade
2950,861185,1166,wash_trade
2951,861196,1167,wash_trade
2952,861214,1167,wash_trade
2953,861582,1168,wash_trade
2954,861596,1168,wash_trade
2955,861937,1169,pump_n_dump
2956,861959,1169,pump_n_dump
2957,862023,1169,pump_n_dump
2958,862039,1170,pump_n_dump
2959,862068,1170,pump_n_dump
2960,862144,1170,pump_n_dump
2961,862302,1171,wash_trade
2962,862305,1171,wash_trade
2963,862530,1172,wash_trade
2964,862535,1172,wash_trade
2965,862562,1173,wash_trade
2966,862578,1173,wash_trade
2967,862592,1174,wash_trade
2968,862596,1174,wash_trade
2969,862967,1175,wash_trade
2970,862970,1175,wash_trade
2971,863210,1176,pump_n_dump
2972,863220,1176,pump_n_dump
2973,863268,1176,pump_n_dump
2974,863273,1177,wash_trade
2975,863295,1177,wash_trade
2976,863446,1178,pump_n_dump
2977,863459,1178,pump_n_dump
2978,863481,1178,pump_n_dump
2979,863499,1179,wash_trade
2980,863551,1179,wash_trade
2981,863556,1180,pump_n_dump
2982,863567,1180,pump_n_dump
2983,863614,1180,pump_n_dump
