,timestamp,type,order_id,price,volume,direction,trader_id,stock_id,order_level,matched_order_trader_id,match_price,match_volume,match_timestamp
0,2019-03-11 15:17:46.448758,1,225977,93.9,1,1,T_1,2,1,,,,
1,2019-03-11 15:17:46.490791,1,225978,93.5,1,1,T_1,2,2,,,,
2,2019-03-11 15:17:46.528525,1,225979,93.0,1,1,T_1,2,3,,,,
3,2019-03-11 15:17:46.566592,1,225980,92.75,1,1,T_1,2,4,,,,
4,2019-03-11 15:17:46.602463,1,225981,92.5,1,1,T_1,2,5,,,,
5,2019-03-11 15:17:46.638099,1,225982,94.1,1,-1,T_1,2,1,,,,
6,2019-03-11 15:17:46.675867,1,225983,94.5,1,-1,T_1,2,2,,,,
7,2019-03-11 15:17:46.711683,1,225984,95.0,1,-1,T_1,2,3,,,,
8,2019-03-11 15:17:46.748101,1,225985,95.25,1,-1,T_1,2,4,,,,
9,2019-03-11 15:17:46.784496,1,225986,95.5,1,-1,T_1,2,5,,,,
10,2019-03-11 15:17:46.821327,1,225987,95.01,0,1,T_1,2,-1,,,,
11,2019-03-11 15:17:46.859446,1,225988,92.99,0,-1,T_1,2,-1,,,,
12,2019-03-11 15:17:46.898964,1,225989,92.99,0,-1,T_1,2,-1,,,,
13,2019-03-11 15:17:46.936555,1,225990,92.99,0,-1,T_1,2,-1,,,,
14,2019-03-11 15:17:46.973879,1,225991,92.99,0,-1,T_1,2,-1,,,,
15,2019-03-11 15:17:47.011281,1,225992,92.99,0,-1,T_2,2,-1,,,,
16,2019-03-11 15:17:47.048724,1,225993,92.99,0,-1,T_2,2,-1,,,,
17,2019-03-11 15:17:47.085060,1,225994,92.99,0,-1,T_2,2,-1,,,,
18,2019-03-11 15:17:47.123845,1,225995,92.99,0,-1,T_2,2,-1,,,,
19,2019-03-11 15:17:47.163060,1,225996,95.01,0,1,T_3,2,-1,,,,
20,2019-03-11 15:17:47.201905,1,225997,92.99,0,-1,T_3,2,-1,,,,
21,2019-03-11 15:17:47.239309,1,225998,92.99,0,-1,T_3,2,-1,,,,
22,2019-03-11 15:17:47.281103,1,225999,92.99,0,-1,T_3,2,-1,,,,
23,2019-03-11 15:17:47.324094,1,226000,92.99,0,-1,T_1,2,-1,,,,
24,2019-03-11 15:17:47.360867,1,226001,92.99,0,-1,T_1,2,-1,,,,
25,2019-03-11 15:17:47.398392,1,226002,92.99,0,-1,T_1,2,-1,,,,
26,2019-03-11 15:17:47.434931,1,226003,92.99,0,-1,T_1,2,-1,,,,
27,2019-03-11 15:17:47.472808,1,226004,92.99,0,-1,T_2,2,-1,,,,
28,2019-03-11 15:17:47.508402,1,226005,92.99,0,-1,T_2,2,-1,,,,
29,2019-03-11 15:17:47.544453,1,226006,95.01,0,1,T_2,2,-1,,,,
30,2019-03-11 15:17:47.581030,1,226007,92.99,0,-1,T_2,2,-1,,,,
31,2019-03-11 15:17:47.623011,1,226008,92.99,0,-1,T_2,2,-1,,,,
32,2019-03-11 15:17:47.658432,1,226009,92.99,0,-1,T_3,2,-1,,,,
33,2019-03-11 15:17:47.695095,1,226010,92.99,0,-1,T_3,2,-1,,,,
34,2019-03-11 15:17:47.731491,1,226011,95.01,0,1,T_3,2,-1,,,,
35,2019-03-11 15:17:47.768413,1,226012,92.99,0,-1,T_3,2,-1,,,,
36,2019-03-11 15:17:47.805002,1,226013,92.99,0,-1,T_3,2,-1,,,,
37,2019-03-11 15:17:47.846428,1,226014,92.99,0,-1,T_1,2,-1,,,,
38,2019-03-11 15:17:47.887103,1,226015,92.99,0,-1,T_1,2,-1,,,,
39,2019-03-11 15:17:47.925185,1,226016,92.99,0,-1,T_1,2,-1,,,,
40,2019-03-11 15:17:47.963197,1,226017,92.99,0,-1,T_2,2,-1,,,,
41,2019-03-11 15:17:48.002729,1,226018,92.99,0,-1,T_2,2,-1,,,,
42,2019-03-11 15:17:48.040059,1,226019,92.99,0,-1,T_2,2,-1,,,,
43,2019-03-11 15:17:48.078372,1,226020,92.99,0,-1,T_3,2,-1,,,,
44,2019-03-11 15:17:48.116726,1,226021,92.99,0,-1,T_3,2,-1,,,,
45,2019-03-11 15:17:48.166886,1,226022,92.99,0,-1,T_3,2,-1,,,,
46,2019-03-11 15:17:48.204506,1,226023,92.99,0,-1,T_3,2,-1,,,,
47,2019-03-11 15:17:48.243006,1,226024,92.99,0,-1,T_3,2,-1,,,,
48,2019-03-11 15:17:48.283320,1,226025,94.0,3,1,T_1,2,1,,,,
49,2019-03-11 15:17:48.323285,1,226026,94.0,1,1,T_2,2,1,,,,
50,2019-03-11 15:17:48.361560,1,226027,94.1,1,-1,T_3,2,1,,,,
51,2019-03-11 15:17:48.403277,1,226028,94.1,1,1,T_6,2,-1,,,,
52,2019-03-11 15:17:48.441106,4,225982,94.1,1,-1,T_1,2,1,T_1,94.1,1,2019-03-11 15:17:47
53,2019-03-11 15:17:48.441106,4,226028,94.1,1,1,T_6,2,-1,T_6,94.1,1,2019-03-11 15:17:48
54,2019-03-11 15:17:48.517142,1,226029,94.1,1,1,T_2,2,-1,,,,
55,2019-03-11 15:17:48.555889,4,226027,94.1,1,-1,T_3,2,-1,T_3,94.1,1,2019-03-11 15:17:48
56,2019-03-11 15:17:48.555889,4,226029,94.1,1,1,T_2,2,-1,T_2,94.1,1,2019-03-11 15:17:49
57,2019-03-11 15:17:48.628619,1,226030,94.19999999999999,1,1,T_2,2,1,,,,
58,2019-03-11 15:17:48.669611,1,226031,94.19999999999999,3,-1,T_9,2,1,,,,
59,2019-03-11 15:17:48.704750,4,226031,94.19,1,-1,T_9,2,1,T_9,94.19,1,2019-03-11 15:17:49
60,2019-03-11 15:17:48.704750,4,226030,94.19,1,1,T_2,2,-1,T_2,94.19,1,2019-03-11 15:17:49
61,2019-03-11 15:17:48.780721,1,226032,94.19999999999999,1,-1,T_1,2,1,,,,
62,2019-03-11 15:17:48.817453,1,226033,94.19999999999999,1,1,T_1,2,-1,,,,
63,2019-03-11 15:17:48.852249,4,226031,94.19,1,-1,T_9,2,1,T_9,94.19,1,2019-03-11 15:17:49
64,2019-03-11 15:17:48.852249,4,226033,94.19,1,1,T_1,2,-1,T_1,94.19,1,2019-03-11 15:17:49
65,2019-03-11 15:17:48.932365,1,226034,94.1,3,1,T_6,2,1,,,,
66,2019-03-11 15:17:48.972826,1,226035,94.1,1,1,T_3,2,1,,,,
67,2019-03-11 15:17:49.009581,1,226036,94.19999999999999,1,-1,T_2,2,1,,,,
68,2019-03-11 15:17:49.051194,1,226037,94.19999999999999,1,1,T_9,2,-1,,,,
69,2019-03-11 15:17:49.088782,4,226031,94.19,1,-1,T_9,2,1,T_9,94.19,1,2019-03-11 15:17:49
70,2019-03-11 15:17:49.088782,4,226037,94.19,1,1,T_9,2,-1,T_9,94.19,1,2019-03-11 15:17:49
71,2019-03-11 15:17:49.163933,1,226038,94.19999999999999,1,1,T_1,2,-1,,,,
72,2019-03-11 15:17:49.199250,4,226032,94.19,1,-1,T_1,2,1,T_1,94.19,1,2019-03-11 15:17:49
73,2019-03-11 15:17:49.199250,4,226038,94.19,1,1,T_1,2,-1,T_1,94.19,1,2019-03-11 15:17:49
74,2019-03-11 15:17:49.280786,1,226039,94.29999999999998,1,1,T_3,2,-1,,,,
75,2019-03-11 15:17:49.317989,4,226036,94.19,1,-1,T_2,2,-1,T_2,94.19,1,2019-03-11 15:17:49
76,2019-03-11 15:17:49.317989,4,226039,94.19,1,1,T_3,2,-1,T_3,94.19,1,2019-03-11 15:17:49
77,2019-03-11 15:17:49.394297,1,226040,94.1,3,-1,T_1,2,-1,,,,
78,2019-03-11 15:17:49.430091,4,226040,94.1,3,-1,T_1,2,-1,T_1,94.1,3,2019-03-11 15:17:49
79,2019-03-11 15:17:49.430091,4,226034,94.1,3,1,T_6,2,1,T_6,94.1,3,2019-03-11 15:17:49
80,2019-03-11 15:17:49.506003,1,226041,94.19,0,-1,T_1,2,-1,,,,
81,2019-03-11 15:17:49.572463,1,226042,94.5,1,-1,T_3,2,1,,,,
82,2019-03-11 15:17:49.614025,1,226043,94.5,0,-1,T_9,2,1,,,,
83,2019-03-11 15:17:49.675766,1,226044,94.5,1,-1,T_2,2,1,,,,
84,2019-03-11 15:17:49.740888,2,226043,95.0,0,-1,T_9,2,2,,,,
85,2019-03-11 15:17:49.753853,1,226045,94.5,0,-1,T_9,2,1,,,,
86,2019-03-11 15:17:49.820232,1,226046,94.5,1,-1,T_2,2,1,,,,
87,2019-03-11 15:17:49.887293,2,226045,95.0,0,-1,T_9,2,2,,,,
88,2019-03-11 15:17:49.948725,2,226041,94.0,0,-1,T_1,2,-1,,,,
89,2019-03-11 15:17:50.006700,2,226043,95.0,0,-1,T_9,2,2,,,,
90,2019-03-11 15:17:50.063587,2,226045,95.0,0,-1,T_9,2,2,,,,
91,2019-03-11 15:17:50.076826,1,226047,94.5,1,-1,T_3,2,1,,,,
92,2019-03-11 15:17:50.115123,1,226048,94.5,1,-1,T_1,2,1,,,,
93,2019-03-11 15:17:50.152388,1,226049,94.19999999999999,1,1,T_1,2,1,,,,
94,2019-03-11 15:17:50.216300,1,226050,93.99,0,-1,T_1,2,-1,,,,
95,2019-03-11 15:17:50.254005,1,226051,93.99,0,-1,T_1,2,-1,,,,
96,2019-03-11 15:17:50.290747,1,226052,93.99,0,-1,T_1,2,-1,,,,
97,2019-03-11 15:17:50.327345,1,226053,93.99,0,-1,T_1,2,-1,,,,
98,2019-03-11 15:17:50.365245,1,226054,93.99,0,-1,T_2,2,-1,,,,
99,2019-03-11 15:17:50.404187,1,226055,93.99,0,-1,T_2,2,-1,,,,
100,2019-03-11 15:17:50.447002,1,226056,93.99,0,-1,T_3,2,-1,,,,
101,2019-03-11 15:17:50.485873,1,226057,93.99,0,-1,T_3,2,-1,,,,
102,2019-03-11 15:17:50.524594,1,226058,93.99,0,-1,T_3,2,-1,,,,
103,2019-03-11 15:17:50.562981,1,226059,93.99,0,-1,T_3,2,-1,,,,
104,2019-03-11 15:17:50.600821,1,226060,93.99,0,-1,T_3,2,-1,,,,
105,2019-03-11 15:17:50.642333,1,226061,94.5,1,1,T_1,2,-1,,,,
106,2019-03-11 15:17:50.677371,4,225983,94.5,1,-1,T_1,2,1,T_1,94.5,1,2019-03-11 15:17:47
107,2019-03-11 15:17:50.677371,4,226061,94.5,1,1,T_1,2,-1,T_1,94.5,1,2019-03-11 15:17:51
108,2019-03-11 15:17:50.765764,1,226062,94.5,1,-1,T_9,2,1,,,,
109,2019-03-11 15:17:50.807490,1,226063,94.5,1,1,T_1,2,-1,,,,
110,2019-03-11 15:17:50.844952,4,226042,94.5,1,-1,T_3,2,1,T_3,94.5,1,2019-03-11 15:17:50
111,2019-03-11 15:17:50.844952,4,226063,94.5,1,1,T_1,2,-1,T_1,94.5,1,2019-03-11 15:17:51
112,2019-03-11 15:17:50.928466,1,226064,94.5,1,-1,T_1,2,1,,,,
113,2019-03-11 15:17:50.972183,1,226065,93.99,0,-1,T_1,2,-1,,,,
114,2019-03-11 15:17:51.012543,1,226066,93.99,0,-1,T_1,2,-1,,,,
115,2019-03-11 15:17:51.051872,1,226067,93.99,0,-1,T_1,2,-1,,,,
116,2019-03-11 15:17:51.089785,1,226068,93.99,0,-1,T_1,2,-1,,,,
117,2019-03-11 15:17:51.128674,1,226069,93.99,0,-1,T_2,2,-1,,,,
118,2019-03-11 15:17:51.169327,1,226070,93.99,0,-1,T_2,2,-1,,,,
119,2019-03-11 15:17:51.206852,1,226071,93.99,0,-1,T_2,2,-1,,,,
120,2019-03-11 15:17:51.244288,1,226072,93.99,0,-1,T_2,2,-1,,,,
121,2019-03-11 15:17:51.283908,1,226073,95.01,0,1,T_2,2,-1,,,,
122,2019-03-11 15:17:51.320974,1,226074,93.99,0,-1,T_3,2,-1,,,,
123,2019-03-11 15:17:51.358333,1,226075,93.99,0,-1,T_3,2,-1,,,,
124,2019-03-11 15:17:51.397270,1,226076,93.99,0,-1,T_3,2,-1,,,,
125,2019-03-11 15:17:51.436834,1,226077,93.99,0,-1,T_3,2,-1,,,,
126,2019-03-11 15:17:51.478573,1,226078,93.99,0,-1,T_1,2,-1,,,,
127,2019-03-11 15:17:51.518110,1,226079,93.99,0,-1,T_1,2,-1,,,,
128,2019-03-11 15:17:51.554584,1,226080,93.99,0,-1,T_1,2,-1,,,,
129,2019-03-11 15:17:51.593599,1,226081,93.99,0,-1,T_1,2,-1,,,,
130,2019-03-11 15:17:51.632380,1,226082,93.99,0,-1,T_2,2,-1,,,,
131,2019-03-11 15:17:51.670108,1,226083,93.99,0,-1,T_2,2,-1,,,,
132,2019-03-11 15:17:51.707406,1,226084,93.99,0,-1,T_2,2,-1,,,,
133,2019-03-11 15:17:51.747603,1,226085,93.99,0,-1,T_2,2,-1,,,,
134,2019-03-11 15:17:51.786563,1,226086,93.99,0,-1,T_2,2,-1,,,,
135,2019-03-11 15:17:51.823238,1,226087,93.99,0,-1,T_3,2,-1,,,,
136,2019-03-11 15:17:51.863752,1,226088,93.99,0,-1,T_3,2,-1,,,,
137,2019-03-11 15:17:51.903031,1,226089,93.99,0,-1,T_3,2,-1,,,,
138,2019-03-11 15:17:51.939897,1,226090,93.99,0,-1,T_3,2,-1,,,,
139,2019-03-11 15:17:51.976727,1,226091,93.99,0,-1,T_3,2,-1,,,,
140,2019-03-11 15:17:52.018858,1,226092,94.5,1,1,T_6,2,-1,,,,
141,2019-03-11 15:17:52.054306,4,226044,94.5,1,-1,T_2,2,1,T_2,94.5,1,2019-03-11 15:17:50
142,2019-03-11 15:17:52.054306,4,226092,94.5,1,1,T_6,2,-1,T_6,94.5,1,2019-03-11 15:17:52
143,2019-03-11 15:17:52.129602,1,226093,94.5,1,-1,T_1,2,1,,,,
144,2019-03-11 15:17:52.171294,1,226094,94.29999999999998,3,1,T_6,2,1,,,,
145,2019-03-11 15:17:52.213121,1,226095,94.29999999999998,1,1,T_1,2,1,,,,
146,2019-03-11 15:17:52.253128,1,226096,94.5,1,-1,T_1,2,1,,,,
147,2019-03-11 15:17:52.295194,1,226097,94.5,1,1,T_1,2,-1,,,,
148,2019-03-11 15:17:52.330583,4,226046,94.5,1,-1,T_2,2,1,T_2,94.5,1,2019-03-11 15:17:50
149,2019-03-11 15:17:52.330583,4,226097,94.5,1,1,T_1,2,-1,T_1,94.5,1,2019-03-11 15:17:52
150,2019-03-11 15:17:52.407244,1,226098,94.5,1,1,T_2,2,-1,,,,
151,2019-03-11 15:17:52.441638,4,226047,94.5,1,-1,T_3,2,1,T_3,94.5,1,2019-03-11 15:17:50
152,2019-03-11 15:17:52.441638,4,226098,94.5,1,1,T_2,2,-1,T_2,94.5,1,2019-03-11 15:17:52
153,2019-03-11 15:17:52.515791,1,226099,94.6,1,1,T_1,2,-1,,,,
154,2019-03-11 15:17:52.550959,4,226048,94.5,1,-1,T_1,2,-1,T_1,94.5,1,2019-03-11 15:17:50
155,2019-03-11 15:17:52.550959,4,226099,94.5,1,1,T_1,2,-1,T_1,94.5,1,2019-03-11 15:17:53
156,2019-03-11 15:17:52.629854,1,226100,94.29999999999998,3,-1,T_1,2,-1,,,,
157,2019-03-11 15:17:52.667291,4,226100,94.29,3,-1,T_1,2,-1,T_1,94.29,3,2019-03-11 15:17:53
158,2019-03-11 15:17:52.667291,4,226094,94.29,3,1,T_6,2,1,T_6,94.29,3,2019-03-11 15:17:52
159,2019-03-11 15:17:52.746262,1,226101,94.5,1,-1,T_1,2,1,,,,
160,2019-03-11 15:17:52.784164,1,226102,94.5,1,1,T_9,2,-1,,,,
161,2019-03-11 15:17:52.819480,4,226062,94.5,1,-1,T_9,2,1,T_9,94.5,1,2019-03-11 15:17:51
162,2019-03-11 15:17:52.819480,4,226102,94.5,1,1,T_9,2,-1,T_9,94.5,1,2019-03-11 15:17:53
163,2019-03-11 15:17:52.905899,1,226103,94.08999999999999,0,-1,T_1,2,-1,,,,
164,2019-03-11 15:17:52.944598,1,226104,94.08999999999999,0,-1,T_1,2,-1,,,,
165,2019-03-11 15:17:52.984802,1,226105,94.08999999999999,0,-1,T_1,2,-1,,,,
166,2019-03-11 15:17:53.023321,1,226106,94.08999999999999,0,-1,T_2,2,-1,,,,
167,2019-03-11 15:17:53.060969,1,226107,94.08999999999999,0,-1,T_2,2,-1,,,,
168,2019-03-11 15:17:53.099473,1,226108,94.08999999999999,0,-1,T_2,2,-1,,,,
169,2019-03-11 15:17:53.137757,1,226109,94.08999999999999,0,-1,T_2,2,-1,,,,
170,2019-03-11 15:17:53.176584,1,226110,94.08999999999999,0,-1,T_2,2,-1,,,,
171,2019-03-11 15:17:53.218301,1,226111,94.08999999999999,0,-1,T_3,2,-1,,,,
172,2019-03-11 15:17:53.263054,1,226112,94.08999999999999,0,-1,T_1,2,-1,,,,
173,2019-03-11 15:17:53.300836,1,226113,94.08999999999999,0,-1,T_1,2,-1,,,,
174,2019-03-11 15:17:53.338080,1,226114,94.08999999999999,0,-1,T_1,2,-1,,,,
175,2019-03-11 15:17:53.376351,1,226115,95.01,0,1,T_1,2,-1,,,,
176,2019-03-11 15:17:53.425042,1,226116,94.08999999999999,0,-1,T_2,2,-1,,,,
177,2019-03-11 15:17:53.466663,1,226117,95.01,0,1,T_2,2,-1,,,,
178,2019-03-11 15:17:53.506715,1,226118,94.08999999999999,0,-1,T_3,2,-1,,,,
179,2019-03-11 15:17:53.545194,1,226119,94.08999999999999,0,-1,T_3,2,-1,,,,
180,2019-03-11 15:17:53.585270,1,226120,94.08999999999999,0,-1,T_3,2,-1,,,,
181,2019-03-11 15:17:53.622619,1,226121,94.08999999999999,0,-1,T_3,2,-1,,,,
182,2019-03-11 15:17:53.669589,1,226122,94.08999999999999,0,-1,T_1,2,-1,,,,
183,2019-03-11 15:17:53.708221,1,226123,94.08999999999999,0,-1,T_1,2,-1,,,,
184,2019-03-11 15:17:53.746884,1,226124,94.08999999999999,0,-1,T_2,2,-1,,,,
185,2019-03-11 15:17:53.784395,1,226125,94.08999999999999,0,-1,T_2,2,-1,,,,
186,2019-03-11 15:17:53.821114,1,226126,94.08999999999999,0,-1,T_2,2,-1,,,,
187,2019-03-11 15:17:53.860119,1,226127,94.08999999999999,0,-1,T_2,2,-1,,,,
188,2019-03-11 15:17:53.901659,1,226128,94.08999999999999,0,-1,T_3,2,-1,,,,
189,2019-03-11 15:17:53.940207,1,226129,94.08999999999999,0,-1,T_3,2,-1,,,,
190,2019-03-11 15:17:53.977484,1,226130,94.08999999999999,0,-1,T_3,2,-1,,,,
191,2019-03-11 15:17:54.020822,1,226131,94.38999999999999,0,-1,T_1,2,-1,,,,
192,2019-03-11 15:17:54.085349,1,226132,94.5,1,-1,T_1,2,1,,,,
193,2019-03-11 15:17:54.129743,1,226133,94.5,0,-1,T_9,2,1,,,,
194,2019-03-11 15:17:54.196634,1,226134,94.5,1,-1,T_1,2,1,,,,
195,2019-03-11 15:17:54.266600,2,226133,95.0,0,-1,T_9,2,2,,,,
196,2019-03-11 15:17:54.281041,1,226135,94.5,0,-1,T_1,2,1,,,,
197,2019-03-11 15:17:54.346094,1,226136,94.5,1,-1,T_2,2,1,,,,
198,2019-03-11 15:17:54.409286,2,226135,95.0,0,-1,T_1,2,2,,,,
199,2019-03-11 15:17:54.680736,2,226131,94.0,0,-1,T_1,2,-1,,,,
200,2019-03-11 15:17:54.738682,2,226133,95.0,0,-1,T_9,2,2,,,,
201,2019-03-11 15:17:54.799351,2,226135,95.0,0,-1,T_1,2,2,,,,
202,2019-03-11 15:17:54.813155,1,226137,94.5,1,-1,T_3,2,1,,,,
203,2019-03-11 15:17:54.853859,1,226138,94.5,1,-1,T_2,2,1,,,,
204,2019-03-11 15:17:54.897087,1,226139,94.39999999999998,1,1,T_1,2,1,,,,
205,2019-03-11 15:17:54.966566,1,226140,94.18999999999998,0,-1,T_1,2,-1,,,,
206,2019-03-11 15:17:55.007357,1,226141,94.18999999999998,0,-1,T_1,2,-1,,,,
207,2019-03-11 15:17:55.048934,1,226142,94.18999999999998,0,-1,T_1,2,-1,,,,
208,2019-03-11 15:17:55.089740,1,226143,94.18999999999998,0,-1,T_1,2,-1,,,,
209,2019-03-11 15:17:55.128718,1,226144,94.18999999999998,0,-1,T_2,2,-1,,,,
210,2019-03-11 15:17:55.171387,1,226145,94.18999999999998,0,-1,T_2,2,-1,,,,
211,2019-03-11 15:17:55.210350,1,226146,94.18999999999998,0,-1,T_2,2,-1,,,,
212,2019-03-11 15:17:55.248492,1,226147,94.18999999999998,0,-1,T_2,2,-1,,,,
213,2019-03-11 15:17:55.285450,1,226148,94.18999999999998,0,-1,T_2,2,-1,,,,
214,2019-03-11 15:17:55.323937,1,226149,95.01,0,1,T_3,2,-1,,,,
215,2019-03-11 15:17:55.362156,1,226150,94.18999999999998,0,-1,T_3,2,-1,,,,
216,2019-03-11 15:17:55.400482,1,226151,94.18999999999998,0,-1,T_3,2,-1,,,,
217,2019-03-11 15:17:55.438062,1,226152,94.18999999999998,0,-1,T_3,2,-1,,,,
218,2019-03-11 15:17:55.477838,1,226153,94.18999999999998,0,-1,T_3,2,-1,,,,
219,2019-03-11 15:17:55.521348,1,226154,94.48999999999998,0,-1,T_1,2,-1,,,,
220,2019-03-11 15:17:55.587497,1,226155,94.5,1,-1,T_2,2,1,,,,
221,2019-03-11 15:17:55.632366,1,226156,94.5,0,-1,T_1,2,1,,,,
222,2019-03-11 15:17:55.697403,1,226157,94.5,1,-1,T_3,2,1,,,,
223,2019-03-11 15:17:55.762834,2,226156,95.0,0,-1,T_1,2,2,,,,
224,2019-03-11 15:17:55.777878,1,226158,94.5,0,-1,T_9,2,1,,,,
225,2019-03-11 15:17:55.843600,1,226159,94.5,1,-1,T_3,2,1,,,,
226,2019-03-11 15:17:55.919405,2,226158,95.0,0,-1,T_9,2,2,,,,
227,2019-03-11 15:17:55.986152,2,226154,94.0,0,-1,T_1,2,-1,,,,
228,2019-03-11 15:17:56.045114,2,226156,95.0,0,-1,T_1,2,2,,,,
229,2019-03-11 15:17:56.103544,2,226158,95.0,0,-1,T_9,2,2,,,,
230,2019-03-11 15:17:56.112876,1,226160,94.5,1,-1,T_3,2,1,,,,
231,2019-03-11 15:17:56.149902,1,226161,94.5,1,-1,T_2,2,1,,,,
232,2019-03-11 15:17:56.188237,1,226162,94.49999999999997,1,1,T_1,2,1,,,,
233,2019-03-11 15:17:56.255369,1,226163,94.28999999999998,0,-1,T_1,2,-1,,,,
234,2019-03-11 15:17:56.296750,1,226164,94.28999999999998,0,-1,T_2,2,-1,,,,
235,2019-03-11 15:17:56.337808,1,226165,94.28999999999998,0,-1,T_2,2,-1,,,,
236,2019-03-11 15:17:56.379194,1,226166,94.28999999999998,0,-1,T_2,2,-1,,,,
237,2019-03-11 15:17:56.419328,1,226167,94.28999999999998,0,-1,T_3,2,-1,,,,
238,2019-03-11 15:17:56.459406,1,226168,94.28999999999998,0,-1,T_3,2,-1,,,,
239,2019-03-11 15:17:56.501413,1,226169,94.28999999999998,0,-1,T_3,2,-1,,,,
240,2019-03-11 15:17:56.540677,1,226170,94.28999999999998,0,-1,T_3,2,-1,,,,
241,2019-03-11 15:17:56.584961,1,226171,94.58999999999997,0,-1,T_1,2,2,,,,
242,2019-03-11 15:17:56.653573,1,226172,94.5,1,-1,T_3,2,1,,,,
243,2019-03-11 15:17:56.697168,1,226173,94.5,1,-1,T_2,2,1,,,,
244,2019-03-11 15:17:56.736146,1,226174,94.49,1,-1,T_2,2,-1,,,,
245,2019-03-11 15:17:56.772532,4,226174,94.49,1,-1,T_2,2,-1,T_2,94.49,1,2019-03-11 15:17:57
246,2019-03-11 15:17:56.772532,4,226162,94.49,1,1,T_1,2,-1,T_1,94.49,1,2019-03-11 15:17:56
247,2019-03-11 15:17:56.847592,1,226175,94.48,0,-1,T_6,2,-1,,,,
248,2019-03-11 15:17:56.929088,1,226176,94.47,0,-1,T_6,2,-1,,,,
249,2019-03-11 15:17:56.991070,1,226177,94.46,0,-1,T_6,2,-1,,,,
250,2019-03-11 15:17:57.055831,1,226178,94.5,0,-1,T_9,2,1,,,,
251,2019-03-11 15:17:57.124692,1,226179,94.5,1,-1,T_2,2,1,,,,
252,2019-03-11 15:17:57.190190,2,226178,95.0,0,-1,T_9,2,3,,,,
253,2019-03-11 15:17:57.205856,1,226180,94.5,0,-1,T_6,2,1,,,,
254,2019-03-11 15:17:57.271765,1,226181,94.5,1,-1,T_1,2,1,,,,
255,2019-03-11 15:17:57.337431,2,226180,95.0,0,-1,T_6,2,2,,,,
256,2019-03-11 15:17:57.404632,2,226171,95.0,0,-1,T_1,2,2,,,,
257,2019-03-11 15:17:57.462025,2,226175,94.0,0,-1,T_6,2,-1,,,,
258,2019-03-11 15:17:57.525022,2,226176,94.0,0,-1,T_6,2,-1,,,,
259,2019-03-11 15:17:57.585810,2,226177,94.0,0,-1,T_6,2,-1,,,,
260,2019-03-11 15:17:57.646362,2,226178,95.0,0,-1,T_9,2,2,,,,
261,2019-03-11 15:17:57.704298,2,226180,95.0,0,-1,T_6,2,2,,,,
262,2019-03-11 15:17:57.713153,1,226182,94.5,1,-1,T_3,2,1,,,,
263,2019-03-11 15:17:57.750624,1,226183,94.5,1,-1,T_1,2,1,,,,
264,2019-03-11 15:17:57.788511,1,226184,94.59999999999997,1,1,T_1,2,-1,,,,
265,2019-03-11 15:17:57.844905,4,226064,94.5,1,-1,T_1,2,-1,T_1,94.5,1,2019-03-11 15:17:51
266,2019-03-11 15:17:57.844905,4,226184,94.5,1,1,T_1,2,-1,T_1,94.5,1,2019-03-11 15:17:58
267,2019-03-11 15:17:57.929662,1,226185,94.48999999999998,0,-1,T_1,2,-1,,,,
268,2019-03-11 15:17:57.995930,1,226186,94.5,1,-1,T_3,2,1,,,,
269,2019-03-11 15:17:58.040501,1,226187,94.5,0,-1,T_6,2,1,,,,
270,2019-03-11 15:17:58.106362,1,226188,94.5,1,-1,T_2,2,1,,,,
271,2019-03-11 15:17:58.171528,2,226187,95.0,0,-1,T_6,2,2,,,,
272,2019-03-11 15:17:58.191968,1,226189,94.5,0,-1,T_1,2,1,,,,
273,2019-03-11 15:17:58.260530,1,226190,94.5,1,-1,T_3,2,1,,,,
274,2019-03-11 15:17:58.324662,2,226189,95.0,0,-1,T_1,2,2,,,,
275,2019-03-11 15:17:58.388411,2,226185,94.0,0,-1,T_1,2,-1,,,,
276,2019-03-11 15:17:58.449565,2,226187,95.0,0,-1,T_6,2,2,,,,
277,2019-03-11 15:17:58.507354,2,226189,95.0,0,-1,T_1,2,2,,,,
278,2019-03-11 15:17:58.516259,1,226191,94.5,1,-1,T_2,2,1,,,,
279,2019-03-11 15:17:58.556112,1,226192,94.5,1,-1,T_1,2,1,,,,
280,2019-03-11 15:17:58.594362,1,226193,94.49999999999997,1,1,T_1,2,1,,,,
281,2019-03-11 15:17:58.660009,1,226194,94.28999999999998,0,-1,T_1,2,-1,,,,
282,2019-03-11 15:17:58.699049,1,226195,94.28999999999998,0,-1,T_1,2,-1,,,,
283,2019-03-11 15:17:58.736851,1,226196,94.28999999999998,0,-1,T_1,2,-1,,,,
284,2019-03-11 15:17:58.775615,1,226197,94.28999999999998,0,-1,T_1,2,-1,,,,
285,2019-03-11 15:17:58.812790,1,226198,94.28999999999998,0,-1,T_2,2,-1,,,,
286,2019-03-11 15:17:58.852615,1,226199,94.28999999999998,0,-1,T_2,2,-1,,,,
287,2019-03-11 15:17:58.893804,1,226200,94.28999999999998,0,-1,T_2,2,-1,,,,
288,2019-03-11 15:17:58.934094,1,226201,94.28999999999998,0,-1,T_2,2,-1,,,,
289,2019-03-11 15:17:58.973450,1,226202,94.28999999999998,0,-1,T_3,2,-1,,,,
290,2019-03-11 15:17:59.012004,1,226203,94.28999999999998,0,-1,T_3,2,-1,,,,
291,2019-03-11 15:17:59.051498,1,226204,94.28999999999998,0,-1,T_3,2,-1,,,,
292,2019-03-11 15:17:59.091307,1,226205,94.28999999999998,0,-1,T_3,2,-1,,,,
293,2019-03-11 15:17:59.130954,1,226206,94.28999999999998,0,-1,T_3,2,-1,,,,
294,2019-03-11 15:17:59.175280,1,226207,94.58999999999997,0,-1,T_1,2,2,,,,
295,2019-03-11 15:17:59.240371,1,226208,94.5,1,-1,T_3,2,1,,,,
296,2019-03-11 15:17:59.287613,1,226209,94.5,1,-1,T_1,2,1,,,,
297,2019-03-11 15:17:59.325178,1,226210,94.49,1,-1,T_1,2,-1,,,,
298,2019-03-11 15:17:59.360305,4,226210,94.49,1,-1,T_1,2,-1,T_1,94.49,1,2019-03-11 15:17:59
299,2019-03-11 15:17:59.360305,4,226193,94.49,1,1,T_1,2,-1,T_1,94.49,1,2019-03-11 15:17:59
300,2019-03-11 15:17:59.437422,1,226211,94.48,0,-1,T_1,2,-1,,,,
301,2019-03-11 15:17:59.496096,1,226212,94.47,0,-1,T_9,2,-1,,,,
302,2019-03-11 15:17:59.557083,1,226213,94.46,0,-1,T_9,2,-1,,,,
303,2019-03-11 15:17:59.624658,1,226214,94.5,0,-1,T_9,2,1,,,,
304,2019-03-11 15:17:59.696853,1,226215,94.5,1,-1,T_2,2,1,,,,
305,2019-03-11 15:17:59.761099,2,226214,95.0,0,-1,T_9,2,3,,,,
306,2019-03-11 15:17:59.776320,1,226216,94.5,0,-1,T_6,2,1,,,,
307,2019-03-11 15:17:59.849672,1,226217,94.5,1,-1,T_3,2,1,,,,
308,2019-03-11 15:17:59.923268,2,226216,95.0,0,-1,T_6,2,2,,,,
309,2019-03-11 15:17:59.987474,2,226207,95.0,0,-1,T_1,2,2,,,,
310,2019-03-11 15:18:00.063664,2,226211,94.0,0,-1,T_1,2,-1,,,,
311,2019-03-11 15:18:00.127964,2,226212,94.0,0,-1,T_9,2,-1,,,,
312,2019-03-11 15:18:00.196289,2,226213,94.0,0,-1,T_9,2,-1,,,,
313,2019-03-11 15:18:00.254219,2,226214,95.0,0,-1,T_9,2,2,,,,
314,2019-03-11 15:18:00.312373,2,226216,95.0,0,-1,T_6,2,2,,,,
315,2019-03-11 15:18:00.321501,1,226218,94.5,1,-1,T_1,2,1,,,,
316,2019-03-11 15:18:00.359234,1,226219,94.5,1,-1,T_1,2,1,,,,
317,2019-03-11 15:18:00.396324,1,226220,94.59999999999997,1,1,T_1,2,-1,,,,
318,2019-03-11 15:18:00.455221,4,226093,94.5,1,-1,T_1,2,-1,T_1,94.5,1,2019-03-11 15:17:52
319,2019-03-11 15:18:00.455221,4,226220,94.5,1,1,T_1,2,-1,T_1,94.5,1,2019-03-11 15:18:00
320,2019-03-11 15:18:00.541398,1,226221,94.18999999999998,0,-1,T_1,2,-1,,,,
321,2019-03-11 15:18:00.582962,1,226222,94.18999999999998,0,-1,T_1,2,-1,,,,
322,2019-03-11 15:18:00.623206,1,226223,94.18999999999998,0,-1,T_1,2,-1,,,,
323,2019-03-11 15:18:00.663967,1,226224,94.18999999999998,0,-1,T_1,2,-1,,,,
324,2019-03-11 15:18:00.707133,1,226225,94.18999999999998,0,-1,T_1,2,-1,,,,
325,2019-03-11 15:18:00.746857,1,226226,94.18999999999998,0,-1,T_2,2,-1,,,,
326,2019-03-11 15:18:00.787484,1,226227,94.18999999999998,0,-1,T_2,2,-1,,,,
327,2019-03-11 15:18:00.827173,1,226228,94.18999999999998,0,-1,T_2,2,-1,,,,
328,2019-03-11 15:18:00.878357,1,226229,94.18999999999998,0,-1,T_2,2,-1,,,,
329,2019-03-11 15:18:00.923098,1,226230,94.18999999999998,0,-1,T_3,2,-1,,,,
330,2019-03-11 15:18:00.968158,1,226231,94.18999999999998,0,-1,T_3,2,-1,,,,
331,2019-03-11 15:18:01.012601,1,226232,94.18999999999998,0,-1,T_3,2,-1,,,,
332,2019-03-11 15:18:01.051973,1,226233,94.18999999999998,0,-1,T_3,2,-1,,,,
333,2019-03-11 15:18:01.093251,1,226234,94.18999999999998,0,-1,T_3,2,-1,,,,
334,2019-03-11 15:18:01.139482,1,226235,94.18999999999998,0,-1,T_1,2,-1,,,,
335,2019-03-11 15:18:01.180561,1,226236,94.18999999999998,0,-1,T_1,2,-1,,,,
336,2019-03-11 15:18:01.220781,1,226237,94.18999999999998,0,-1,T_1,2,-1,,,,
337,2019-03-11 15:18:01.268219,1,226238,94.18999999999998,0,-1,T_1,2,-1,,,,
338,2019-03-11 15:18:01.309238,1,226239,94.18999999999998,0,-1,T_1,2,-1,,,,
339,2019-03-11 15:18:01.350705,1,226240,94.18999999999998,0,-1,T_2,2,-1,,,,
340,2019-03-11 15:18:01.409943,1,226241,94.18999999999998,0,-1,T_2,2,-1,,,,
341,2019-03-11 15:18:01.454345,1,226242,94.18999999999998,0,-1,T_2,2,-1,,,,
342,2019-03-11 15:18:01.501998,1,226243,95.01,2,1,T_2,2,-1,,,,
343,2019-03-11 15:18:01.539704,4,226096,94.5,1,-1,T_1,2,-1,T_1,94.5,1,2019-03-11 15:17:52
344,2019-03-11 15:18:01.539704,4,226101,94.5,1,-1,T_1,2,-1,T_1,94.5,1,2019-03-11 15:17:52
345,2019-03-11 15:18:01.539704,4,226243,94.5,1,1,T_2,2,-1,T_2,94.5,1,2019-03-11 15:18:02
346,2019-03-11 15:18:01.539704,4,226243,94.5,1,1,T_2,2,-1,T_2,94.5,1,2019-03-11 15:18:02
347,2019-03-11 15:18:01.713778,1,226244,94.18999999999998,0,-1,T_3,2,-1,,,,
348,2019-03-11 15:18:01.754974,1,226245,94.18999999999998,0,-1,T_3,2,-1,,,,
349,2019-03-11 15:18:01.796344,1,226246,94.18999999999998,0,-1,T_3,2,-1,,,,
350,2019-03-11 15:18:01.834799,1,226247,94.18999999999998,0,-1,T_3,2,-1,,,,
351,2019-03-11 15:18:01.875077,1,226248,94.18999999999998,0,-1,T_3,2,-1,,,,
352,2019-03-11 15:18:01.925951,1,226249,94.18999999999998,0,-1,T_1,2,-1,,,,
353,2019-03-11 15:18:01.967364,1,226250,94.18999999999998,0,-1,T_1,2,-1,,,,
354,2019-03-11 15:18:02.010395,1,226251,94.18999999999998,0,-1,T_1,2,-1,,,,
355,2019-03-11 15:18:02.050597,1,226252,94.18999999999998,0,-1,T_1,2,-1,,,,
356,2019-03-11 15:18:02.091490,1,226253,94.18999999999998,0,-1,T_2,2,-1,,,,
357,2019-03-11 15:18:02.137000,1,226254,94.18999999999998,0,-1,T_2,2,-1,,,,
358,2019-03-11 15:18:02.178204,1,226255,94.18999999999998,0,-1,T_2,2,-1,,,,
359,2019-03-11 15:18:02.218932,1,226256,94.18999999999998,0,-1,T_2,2,-1,,,,
360,2019-03-11 15:18:02.263695,1,226257,95.01,2,1,T_3,2,-1,,,,
361,2019-03-11 15:18:02.301994,4,226132,94.5,1,-1,T_1,2,-1,T_1,94.5,1,2019-03-11 15:17:54
362,2019-03-11 15:18:02.301994,4,226134,94.5,1,-1,T_1,2,-1,T_1,94.5,1,2019-03-11 15:17:54
363,2019-03-11 15:18:02.301994,4,226257,94.5,1,1,T_3,2,-1,T_3,94.5,1,2019-03-11 15:18:02
364,2019-03-11 15:18:02.301994,4,226257,94.5,1,1,T_3,2,-1,T_3,94.5,1,2019-03-11 15:18:02
365,2019-03-11 15:18:02.455663,1,226258,94.18999999999998,0,-1,T_3,2,-1,,,,
366,2019-03-11 15:18:02.497170,1,226259,94.18999999999998,0,-1,T_3,2,-1,,,,
367,2019-03-11 15:18:02.538853,1,226260,94.18999999999998,0,-1,T_3,2,-1,,,,
368,2019-03-11 15:18:02.585912,1,226261,94.18999999999998,0,-1,T_1,2,-1,,,,
369,2019-03-11 15:18:02.627395,1,226262,94.18999999999998,0,-1,T_1,2,-1,,,,
370,2019-03-11 15:18:02.667349,1,226263,94.18999999999998,0,-1,T_1,2,-1,,,,
371,2019-03-11 15:18:02.708949,1,226264,94.18999999999998,0,-1,T_1,2,-1,,,,
372,2019-03-11 15:18:02.749172,1,226265,95.01,2,1,T_1,2,-1,,,,
373,2019-03-11 15:18:02.786632,4,226136,94.5,1,-1,T_2,2,-1,T_2,94.5,1,2019-03-11 15:17:54
374,2019-03-11 15:18:02.786632,4,226137,94.5,1,-1,T_3,2,-1,T_2,94.5,1,2019-03-11 15:17:54
375,2019-03-11 15:18:02.786632,4,226265,94.5,1,1,T_1,2,-1,T_1,94.5,1,2019-03-11 15:18:03
376,2019-03-11 15:18:02.786632,4,226265,94.5,1,1,T_1,2,-1,T_1,94.5,1,2019-03-11 15:18:03
377,2019-03-11 15:18:02.941761,1,226266,94.18999999999998,0,-1,T_2,2,-1,,,,
378,2019-03-11 15:18:02.987222,1,226267,94.18999999999998,0,-1,T_2,2,-1,,,,
379,2019-03-11 15:18:03.027149,1,226268,94.18999999999998,0,-1,T_3,2,-1,,,,
380,2019-03-11 15:18:03.067889,1,226269,94.18999999999998,0,-1,T_3,2,-1,,,,
381,2019-03-11 15:18:03.109894,1,226270,94.18999999999998,0,-1,T_3,2,-1,,,,
382,2019-03-11 15:18:03.151118,1,226271,94.18999999999998,0,-1,T_3,2,-1,,,,
383,2019-03-11 15:18:03.200865,1,226272,94.48999999999998,0,-1,T_1,2,-1,,,,
384,2019-03-11 15:18:03.269714,1,226273,94.5,1,-1,T_1,2,1,,,,
385,2019-03-11 15:18:03.313512,1,226274,94.5,0,-1,T_1,2,1,,,,
386,2019-03-11 15:18:03.381540,1,226275,94.5,1,-1,T_2,2,1,,,,
387,2019-03-11 15:18:03.456281,2,226274,95.0,0,-1,T_1,2,2,,,,
388,2019-03-11 15:18:03.473480,1,226276,94.5,0,-1,T_6,2,1,,,,
389,2019-03-11 15:18:03.545480,1,226277,94.5,1,-1,T_3,2,1,,,,
390,2019-03-11 15:18:03.613956,2,226276,95.0,0,-1,T_6,2,2,,,,
391,2019-03-11 15:18:03.681865,2,226272,94.0,0,-1,T_1,2,-1,,,,
392,2019-03-11 15:18:03.748252,2,226274,95.0,0,-1,T_1,2,2,,,,
393,2019-03-11 15:18:03.805534,2,226276,95.0,0,-1,T_6,2,2,,,,
394,2019-03-11 15:18:03.814741,1,226278,94.5,1,-1,T_2,2,1,,,,
395,2019-03-11 15:18:03.851617,1,226279,94.5,1,-1,T_3,2,1,,,,
396,2019-03-11 15:18:03.890254,1,226280,94.49999999999997,1,1,T_1,2,1,,,,
397,2019-03-11 15:18:03.957923,1,226281,94.5,1,-1,T_6,2,1,,,,
398,2019-03-11 15:18:03.999302,1,226282,94.5,1,1,T_6,2,-1,,,,
399,2019-03-11 15:18:04.035943,4,226138,94.5,1,-1,T_2,2,1,T_2,94.5,1,2019-03-11 15:17:55
400,2019-03-11 15:18:04.035943,4,226282,94.5,1,1,T_6,2,-1,T_6,94.5,1,2019-03-11 15:18:04
401,2019-03-11 15:18:04.119045,1,226283,94.58999999999997,0,-1,T_1,2,2,,,,
402,2019-03-11 15:18:04.187773,1,226284,94.5,1,-1,T_1,2,1,,,,
403,2019-03-11 15:18:04.231185,1,226285,94.5,1,-1,T_2,2,1,,,,
404,2019-03-11 15:18:04.275326,1,226286,94.49,1,-1,T_3,2,-1,,,,
405,2019-03-11 15:18:04.312164,4,226286,94.49,1,-1,T_3,2,-1,T_3,94.49,1,2019-03-11 15:18:04
406,2019-03-11 15:18:04.312164,4,226280,94.49,1,1,T_1,2,-1,T_1,94.49,1,2019-03-11 15:18:04
407,2019-03-11 15:18:04.385029,1,226287,94.48,0,-1,T_6,2,-1,,,,
408,2019-03-11 15:18:04.445059,1,226288,94.47,0,-1,T_6,2,-1,,,,
409,2019-03-11 15:18:04.507089,1,226289,94.46,0,-1,T_6,2,-1,,,,
410,2019-03-11 15:18:04.577085,1,226290,94.5,0,-1,T_6,2,1,,,,
411,2019-03-11 15:18:04.642057,1,226291,94.5,1,-1,T_3,2,1,,,,
412,2019-03-11 15:18:04.707565,2,226290,95.0,0,-1,T_6,2,3,,,,
413,2019-03-11 15:18:04.724839,1,226292,94.5,0,-1,T_6,2,1,,,,
414,2019-03-11 15:18:04.792827,1,226293,94.5,1,-1,T_2,2,1,,,,
415,2019-03-11 15:18:04.860224,2,226292,95.0,0,-1,T_6,2,2,,,,
416,2019-03-11 15:18:04.934820,2,226283,95.0,0,-1,T_1,2,2,,,,
417,2019-03-11 15:18:04.997393,2,226287,94.0,0,-1,T_6,2,-1,,,,
418,2019-03-11 15:18:05.059009,2,226288,94.0,0,-1,T_6,2,-1,,,,
419,2019-03-11 15:18:05.124666,2,226289,94.0,0,-1,T_6,2,-1,,,,
420,2019-03-11 15:18:05.202165,2,226290,95.0,0,-1,T_6,2,2,,,,
421,2019-03-11 15:18:05.265138,2,226292,95.0,0,-1,T_6,2,2,,,,
422,2019-03-11 15:18:05.274361,1,226294,94.5,1,-1,T_3,2,1,,,,
423,2019-03-11 15:18:05.316516,1,226295,94.5,1,-1,T_1,2,1,,,,
424,2019-03-11 15:18:05.354756,1,226296,94.59999999999997,1,1,T_1,2,-1,,,,
425,2019-03-11 15:18:05.411938,4,226155,94.5,1,-1,T_2,2,-1,T_2,94.5,1,2019-03-11 15:17:56
426,2019-03-11 15:18:05.411938,4,226296,94.5,1,1,T_1,2,-1,T_1,94.5,1,2019-03-11 15:18:05
427,2019-03-11 15:18:05.498517,1,226297,94.18999999999998,0,-1,T_1,2,-1,,,,
428,2019-03-11 15:18:05.538348,1,226298,94.18999999999998,0,-1,T_1,2,-1,,,,
429,2019-03-11 15:18:05.578973,1,226299,94.18999999999998,0,-1,T_1,2,-1,,,,
430,2019-03-11 15:18:05.619577,1,226300,94.18999999999998,0,-1,T_1,2,-1,,,,
431,2019-03-11 15:18:05.658335,1,226301,94.18999999999998,0,-1,T_2,2,-1,,,,
432,2019-03-11 15:18:05.698080,1,226302,94.18999999999998,0,-1,T_2,2,-1,,,,
433,2019-03-11 15:18:05.738797,1,226303,94.18999999999998,0,-1,T_2,2,-1,,,,
434,2019-03-11 15:18:05.779053,1,226304,94.18999999999998,0,-1,T_2,2,-1,,,,
435,2019-03-11 15:18:05.825701,1,226305,94.18999999999998,0,-1,T_3,2,-1,,,,
436,2019-03-11 15:18:05.866295,1,226306,94.18999999999998,0,-1,T_3,2,-1,,,,
437,2019-03-11 15:18:05.912937,1,226307,94.18999999999998,0,-1,T_3,2,-1,,,,
438,2019-03-11 15:18:05.953810,1,226308,94.18999999999998,0,-1,T_3,2,-1,,,,
439,2019-03-11 15:18:06.003636,1,226309,94.5,1,1,T_9,2,-1,,,,
440,2019-03-11 15:18:06.040662,4,226157,94.5,1,-1,T_3,2,1,T_3,94.5,1,2019-03-11 15:17:56
441,2019-03-11 15:18:06.040662,4,226309,94.5,1,1,T_9,2,-1,T_9,94.5,1,2019-03-11 15:18:06
442,2019-03-11 15:18:06.120834,1,226310,94.5,1,-1,T_9,2,1,,,,
443,2019-03-11 15:18:06.171666,1,226311,94.18999999999998,0,-1,T_1,2,-1,,,,
444,2019-03-11 15:18:06.212000,1,226312,94.18999999999998,0,-1,T_1,2,-1,,,,
445,2019-03-11 15:18:06.252497,1,226313,94.18999999999998,0,-1,T_1,2,-1,,,,
446,2019-03-11 15:18:06.291924,1,226314,94.18999999999998,0,-1,T_2,2,-1,,,,
447,2019-03-11 15:18:06.332476,1,226315,95.01,3,1,T_2,2,-1,,,,
448,2019-03-11 15:18:06.369421,4,226159,94.5,1,-1,T_3,2,-1,T_3,94.5,1,2019-03-11 15:17:56
449,2019-03-11 15:18:06.369421,4,226160,94.5,1,-1,T_3,2,-1,T_3,94.5,1,2019-03-11 15:17:56
450,2019-03-11 15:18:06.369421,4,226161,94.5,1,-1,T_2,2,-1,T_3,94.5,1,2019-03-11 15:17:56
451,2019-03-11 15:18:06.369421,4,226315,94.5,1,1,T_2,2,-1,T_2,94.5,1,2019-03-11 15:18:06
452,2019-03-11 15:18:06.369421,4,226315,94.5,1,1,T_2,2,-1,T_2,94.5,1,2019-03-11 15:18:06
453,2019-03-11 15:18:06.369421,4,226315,94.5,1,1,T_2,2,-1,T_2,94.5,1,2019-03-11 15:18:06
454,2019-03-11 15:18:06.606670,1,226316,94.18999999999998,0,-1,T_2,2,-1,,,,
455,2019-03-11 15:18:06.649207,1,226317,94.18999999999998,0,-1,T_2,2,-1,,,,
456,2019-03-11 15:18:06.691599,1,226318,95.01,3,1,T_3,2,-1,,,,
457,2019-03-11 15:18:06.727846,4,226172,94.5,1,-1,T_3,2,-1,T_3,94.5,1,2019-03-11 15:17:57
458,2019-03-11 15:18:06.727846,4,226173,94.5,1,-1,T_2,2,-1,T_3,94.5,1,2019-03-11 15:17:57
459,2019-03-11 15:18:06.727846,4,226179,94.5,1,-1,T_2,2,-1,T_3,94.5,1,2019-03-11 15:17:57
460,2019-03-11 15:18:06.727846,4,226318,94.5,1,1,T_3,2,-1,T_3,94.5,1,2019-03-11 15:18:07
461,2019-03-11 15:18:06.727846,4,226318,94.5,1,1,T_3,2,-1,T_3,94.5,1,2019-03-11 15:18:07
462,2019-03-11 15:18:06.727846,4,226318,94.5,1,1,T_3,2,-1,T_3,94.5,1,2019-03-11 15:18:07
463,2019-03-11 15:18:06.957324,1,226319,94.18999999999998,0,-1,T_3,2,-1,,,,
464,2019-03-11 15:18:06.997650,1,226320,94.18999999999998,0,-1,T_3,2,-1,,,,
465,2019-03-11 15:18:07.037682,1,226321,94.18999999999998,0,-1,T_3,2,-1,,,,
466,2019-03-11 15:18:07.077739,1,226322,94.18999999999998,0,-1,T_3,2,-1,,,,
467,2019-03-11 15:18:07.130371,1,226323,94.18999999999998,0,-1,T_1,2,-1,,,,
468,2019-03-11 15:18:07.173128,1,226324,94.18999999999998,0,-1,T_1,2,-1,,,,
469,2019-03-11 15:18:07.212364,1,226325,94.18999999999998,0,-1,T_1,2,-1,,,,
470,2019-03-11 15:18:07.255686,1,226326,94.18999999999998,0,-1,T_1,2,-1,,,,
471,2019-03-11 15:18:07.297942,1,226327,94.18999999999998,0,-1,T_1,2,-1,,,,
472,2019-03-11 15:18:07.336756,1,226328,94.18999999999998,0,-1,T_2,2,-1,,,,
473,2019-03-11 15:18:07.382808,1,226329,94.18999999999998,0,-1,T_2,2,-1,,,,
474,2019-03-11 15:18:07.426853,1,226330,94.18999999999998,0,-1,T_2,2,-1,,,,
475,2019-03-11 15:18:07.465449,1,226331,94.18999999999998,0,-1,T_2,2,-1,,,,
476,2019-03-11 15:18:07.510537,1,226332,94.18999999999998,0,-1,T_2,2,-1,,,,
477,2019-03-11 15:18:07.550001,1,226333,94.18999999999998,0,-1,T_3,2,-1,,,,
478,2019-03-11 15:18:07.588407,1,226334,94.18999999999998,0,-1,T_3,2,-1,,,,
479,2019-03-11 15:18:07.630936,1,226335,94.18999999999998,0,-1,T_3,2,-1,,,,
480,2019-03-11 15:18:07.672709,1,226336,94.18999999999998,0,-1,T_3,2,-1,,,,
481,2019-03-11 15:18:07.719993,1,226337,94.18999999999998,0,-1,T_1,2,-1,,,,
482,2019-03-11 15:18:07.763152,1,226338,94.18999999999998,0,-1,T_1,2,-1,,,,
483,2019-03-11 15:18:07.801515,1,226339,94.18999999999998,0,-1,T_1,2,-1,,,,
484,2019-03-11 15:18:07.840630,1,226340,94.18999999999998,0,-1,T_2,2,-1,,,,
485,2019-03-11 15:18:07.886555,1,226341,94.18999999999998,0,-1,T_2,2,-1,,,,
486,2019-03-11 15:18:07.928419,1,226342,94.18999999999998,0,-1,T_2,2,-1,,,,
487,2019-03-11 15:18:07.968522,1,226343,94.18999999999998,0,-1,T_2,2,-1,,,,
488,2019-03-11 15:18:08.007765,1,226344,94.18999999999998,0,-1,T_3,2,-1,,,,
489,2019-03-11 15:18:08.045974,1,226345,94.18999999999998,0,-1,T_3,2,-1,,,,
490,2019-03-11 15:18:08.083930,1,226346,94.18999999999998,0,-1,T_3,2,-1,,,,
491,2019-03-11 15:18:08.122548,1,226347,94.18999999999998,0,-1,T_3,2,-1,,,,
492,2019-03-11 15:18:08.165717,1,226348,94.18999999999998,0,-1,T_3,2,-1,,,,
493,2019-03-11 15:18:08.225479,1,226349,94.48999999999998,0,-1,T_1,2,-1,,,,
494,2019-03-11 15:18:08.304602,1,226350,94.5,1,-1,T_3,2,1,,,,
495,2019-03-11 15:18:08.351115,1,226351,94.5,0,-1,T_6,2,1,,,,
496,2019-03-11 15:18:08.418559,1,226352,94.5,1,-1,T_3,2,1,,,,
497,2019-03-11 15:18:08.483208,2,226351,95.0,0,-1,T_6,2,2,,,,
498,2019-03-11 15:18:08.501109,1,226353,94.5,0,-1,T_6,2,1,,,,
499,2019-03-11 15:18:08.572961,1,226354,94.5,1,-1,T_2,2,1,,,,
500,2019-03-11 15:18:08.638397,2,226353,95.0,0,-1,T_6,2,2,,,,
501,2019-03-11 15:18:08.706766,2,226349,94.0,0,-1,T_1,2,-1,,,,
502,2019-03-11 15:18:08.766395,2,226351,95.0,0,-1,T_6,2,2,,,,
503,2019-03-11 15:18:08.824780,2,226353,95.0,0,-1,T_6,2,2,,,,
504,2019-03-11 15:18:08.833492,1,226355,94.5,1,-1,T_1,2,1,,,,
505,2019-03-11 15:18:08.870358,1,226356,94.5,1,-1,T_1,2,1,,,,
506,2019-03-11 15:18:08.908429,1,226357,94.49999999999997,1,1,T_1,2,1,,,,
507,2019-03-11 15:18:08.977817,1,226358,94.28999999999998,0,-1,T_1,2,-1,,,,
508,2019-03-11 15:18:09.020588,1,226359,94.28999999999998,0,-1,T_1,2,-1,,,,
509,2019-03-11 15:18:09.059924,1,226360,95.01,3,1,T_1,2,-1,,,,
510,2019-03-11 15:18:09.096245,4,226181,94.5,1,-1,T_1,2,-1,T_1,94.5,1,2019-03-11 15:17:57
511,2019-03-11 15:18:09.096245,4,226182,94.5,1,-1,T_3,2,-1,T_1,94.5,1,2019-03-11 15:17:57
512,2019-03-11 15:18:09.096245,4,226183,94.5,1,-1,T_1,2,-1,T_1,94.5,1,2019-03-11 15:17:57
513,2019-03-11 15:18:09.096245,4,226360,94.5,1,1,T_1,2,-1,T_1,94.5,1,2019-03-11 15:18:09
514,2019-03-11 15:18:09.096245,4,226360,94.5,1,1,T_1,2,-1,T_1,94.5,1,2019-03-11 15:18:09
515,2019-03-11 15:18:09.096245,4,226360,94.5,1,1,T_1,2,-1,T_1,94.5,1,2019-03-11 15:18:09
516,2019-03-11 15:18:09.336232,1,226361,94.28999999999998,0,-1,T_1,2,-1,,,,
517,2019-03-11 15:18:09.375490,1,226362,94.28999999999998,0,-1,T_1,2,-1,,,,
518,2019-03-11 15:18:09.414855,1,226363,94.28999999999998,0,-1,T_2,2,-1,,,,
519,2019-03-11 15:18:09.456191,1,226364,94.28999999999998,0,-1,T_2,2,-1,,,,
520,2019-03-11 15:18:09.496792,1,226365,94.28999999999998,0,-1,T_2,2,-1,,,,
521,2019-03-11 15:18:09.536932,1,226366,94.28999999999998,0,-1,T_2,2,-1,,,,
522,2019-03-11 15:18:09.580251,1,226367,94.28999999999998,0,-1,T_2,2,-1,,,,
523,2019-03-11 15:18:09.620903,1,226368,94.28999999999998,0,-1,T_3,2,-1,,,,
524,2019-03-11 15:18:09.661335,1,226369,94.28999999999998,0,-1,T_3,2,-1,,,,
525,2019-03-11 15:18:09.701924,1,226370,94.28999999999998,0,-1,T_3,2,-1,,,,
526,2019-03-11 15:18:09.744882,1,226371,94.28999999999998,0,-1,T_3,2,-1,,,,
527,2019-03-11 15:18:09.794170,1,226372,94.5,1,1,T_6,2,-1,,,,
528,2019-03-11 15:18:09.833249,4,226186,94.5,1,-1,T_3,2,1,T_3,94.5,1,2019-03-11 15:17:58
529,2019-03-11 15:18:09.833249,4,226372,94.5,1,1,T_6,2,-1,T_6,94.5,1,2019-03-11 15:18:10
530,2019-03-11 15:18:09.913606,1,226373,94.5,1,-1,T_6,2,1,,,,
531,2019-03-11 15:18:09.959805,1,226374,94.58999999999997,0,-1,T_1,2,2,,,,
532,2019-03-11 15:18:10.030002,1,226375,94.5,1,-1,T_2,2,1,,,,
533,2019-03-11 15:18:10.081304,1,226376,94.5,1,-1,T_2,2,1,,,,
534,2019-03-11 15:18:10.122060,1,226377,94.49,1,-1,T_2,2,-1,,,,
535,2019-03-11 15:18:10.166061,4,226377,94.49,1,-1,T_2,2,-1,T_2,94.49,1,2019-03-11 15:18:10
536,2019-03-11 15:18:10.166061,4,226357,94.49,1,1,T_1,2,-1,T_1,94.49,1,2019-03-11 15:18:09
537,2019-03-11 15:18:10.242700,1,226378,94.48,0,-1,T_6,2,-1,,,,
538,2019-03-11 15:18:10.304136,1,226379,94.47,0,-1,T_9,2,-1,,,,
539,2019-03-11 15:18:10.363234,1,226380,94.46,0,-1,T_9,2,-1,,,,
540,2019-03-11 15:18:10.432663,1,226381,94.5,0,-1,T_6,2,1,,,,
541,2019-03-11 15:18:10.509908,1,226382,94.5,1,-1,T_3,2,1,,,,
542,2019-03-11 15:18:10.580882,2,226381,95.0,0,-1,T_6,2,3,,,,
543,2019-03-11 15:18:10.600556,1,226383,94.5,0,-1,T_9,2,1,,,,
544,2019-03-11 15:18:10.669759,1,226384,94.5,1,-1,T_3,2,1,,,,
545,2019-03-11 15:18:10.735430,2,226383,95.0,0,-1,T_9,2,2,,,,
546,2019-03-11 15:18:10.802296,2,226374,95.0,0,-1,T_1,2,2,,,,
547,2019-03-11 15:18:10.861224,2,226378,94.0,0,-1,T_6,2,-1,,,,
548,2019-03-11 15:18:10.931148,2,226379,94.0,0,-1,T_9,2,-1,,,,
549,2019-03-11 15:18:10.993923,2,226380,94.0,0,-1,T_9,2,-1,,,,
550,2019-03-11 15:18:11.055813,2,226381,95.0,0,-1,T_6,2,2,,,,
551,2019-03-11 15:18:11.116182,2,226383,95.0,0,-1,T_9,2,2,,,,
552,2019-03-11 15:18:11.126836,1,226385,94.5,1,-1,T_2,2,1,,,,
553,2019-03-11 15:18:11.165255,1,226386,94.5,1,-1,T_2,2,1,,,,
554,2019-03-11 15:18:11.202785,1,226387,94.59999999999997,1,1,T_1,2,-1,,,,
555,2019-03-11 15:18:11.261380,4,226188,94.5,1,-1,T_2,2,-1,T_2,94.5,1,2019-03-11 15:17:58
556,2019-03-11 15:18:11.261380,4,226387,94.5,1,1,T_1,2,-1,T_1,94.5,1,2019-03-11 15:18:11
557,2019-03-11 15:18:11.350455,1,226388,94.18999999999998,0,-1,T_1,2,-1,,,,
558,2019-03-11 15:18:11.391257,1,226389,94.18999999999998,0,-1,T_1,2,-1,,,,
559,2019-03-11 15:18:11.432536,1,226390,94.18999999999998,0,-1,T_1,2,-1,,,,
560,2019-03-11 15:18:11.683537,1,226391,94.18999999999998,0,-1,T_1,2,-1,,,,
561,2019-03-11 15:18:11.725267,1,226392,94.18999999999998,0,-1,T_2,2,-1,,,,
562,2019-03-11 15:18:11.774643,1,226393,95.01,3,1,T_2,2,-1,,,,
563,2019-03-11 15:18:11.810906,4,226190,94.5,1,-1,T_3,2,-1,T_3,94.5,1,2019-03-11 15:17:58
564,2019-03-11 15:18:11.810906,4,226191,94.5,1,-1,T_2,2,-1,T_3,94.5,1,2019-03-11 15:17:58
565,2019-03-11 15:18:11.810906,4,226192,94.5,1,-1,T_1,2,-1,T_3,94.5,1,2019-03-11 15:17:58
566,2019-03-11 15:18:11.810906,4,226393,94.5,1,1,T_2,2,-1,T_2,94.5,1,2019-03-11 15:18:12
567,2019-03-11 15:18:11.810906,4,226393,94.5,1,1,T_2,2,-1,T_2,94.5,1,2019-03-11 15:18:12
568,2019-03-11 15:18:11.810906,4,226393,94.5,1,1,T_2,2,-1,T_2,94.5,1,2019-03-11 15:18:12
569,2019-03-11 15:18:12.050261,1,226394,94.18999999999998,0,-1,T_2,2,-1,,,,
570,2019-03-11 15:18:12.090918,1,226395,95.01,3,1,T_3,2,-1,,,,
571,2019-03-11 15:18:12.129756,4,226208,94.5,1,-1,T_3,2,-1,T_3,94.5,1,2019-03-11 15:17:59
572,2019-03-11 15:18:12.129756,4,226209,94.5,1,-1,T_1,2,-1,T_3,94.5,1,2019-03-11 15:17:59
573,2019-03-11 15:18:12.129756,4,226215,94.5,1,-1,T_2,2,-1,T_3,94.5,1,2019-03-11 15:17:59
574,2019-03-11 15:18:12.129756,4,226395,94.5,1,1,T_3,2,-1,T_3,94.5,1,2019-03-11 15:18:12
575,2019-03-11 15:18:12.129756,4,226395,94.5,1,1,T_3,2,-1,T_3,94.5,1,2019-03-11 15:18:12
576,2019-03-11 15:18:12.129756,4,226395,94.5,1,1,T_3,2,-1,T_3,94.5,1,2019-03-11 15:18:12
577,2019-03-11 15:18:12.371069,1,226396,94.18999999999998,0,-1,T_3,2,-1,,,,
578,2019-03-11 15:18:12.412679,1,226397,94.18999999999998,0,-1,T_3,2,-1,,,,
579,2019-03-11 15:18:12.462216,1,226398,94.18999999999998,0,-1,T_1,2,-1,,,,
580,2019-03-11 15:18:12.508515,1,226399,94.18999999999998,0,-1,T_1,2,-1,,,,
581,2019-03-11 15:18:12.555889,1,226400,94.18999999999998,0,-1,T_1,2,-1,,,,
582,2019-03-11 15:18:12.602433,1,226401,94.18999999999998,0,-1,T_2,2,-1,,,,
583,2019-03-11 15:18:12.652476,1,226402,94.18999999999998,0,-1,T_2,2,-1,,,,
584,2019-03-11 15:18:12.696737,1,226403,94.18999999999998,0,-1,T_3,2,-1,,,,
585,2019-03-11 15:18:12.738655,1,226404,94.18999999999998,0,-1,T_3,2,-1,,,,
586,2019-03-11 15:18:12.780392,1,226405,94.18999999999998,0,-1,T_3,2,-1,,,,
587,2019-03-11 15:18:12.823834,1,226406,94.18999999999998,0,-1,T_3,2,-1,,,,
588,2019-03-11 15:18:12.864411,1,226407,94.18999999999998,0,-1,T_3,2,-1,,,,
589,2019-03-11 15:18:12.918101,1,226408,94.18999999999998,0,-1,T_1,2,-1,,,,
590,2019-03-11 15:18:12.957986,1,226409,94.18999999999998,0,-1,T_1,2,-1,,,,
591,2019-03-11 15:18:13.000132,1,226410,95.01,2,1,T_1,2,-1,,,,
592,2019-03-11 15:18:13.036070,4,226217,94.5,1,-1,T_3,2,-1,T_3,94.5,1,2019-03-11 15:18:00
593,2019-03-11 15:18:13.036070,4,226218,94.5,1,-1,T_1,2,-1,T_3,94.5,1,2019-03-11 15:18:00
594,2019-03-11 15:18:13.036070,4,226410,94.5,1,1,T_1,2,-1,T_1,94.5,1,2019-03-11 15:18:13
595,2019-03-11 15:18:13.036070,4,226410,94.5,1,1,T_1,2,-1,T_1,94.5,1,2019-03-11 15:18:13
596,2019-03-11 15:18:13.194099,1,226411,94.18999999999998,0,-1,T_1,2,-1,,,,
597,2019-03-11 15:18:13.238986,1,226412,94.18999999999998,0,-1,T_2,2,-1,,,,
598,2019-03-11 15:18:13.280887,1,226413,94.18999999999998,0,-1,T_2,2,-1,,,,
599,2019-03-11 15:18:13.320854,1,226414,94.18999999999998,0,-1,T_2,2,-1,,,,
600,2019-03-11 15:18:13.360238,1,226415,94.18999999999998,0,-1,T_2,2,-1,,,,
601,2019-03-11 15:18:13.401055,1,226416,94.18999999999998,0,-1,T_2,2,-1,,,,
602,2019-03-11 15:18:13.447413,1,226417,94.18999999999998,0,-1,T_3,2,-1,,,,
603,2019-03-11 15:18:13.490490,1,226418,94.18999999999998,0,-1,T_3,2,-1,,,,
604,2019-03-11 15:18:13.533057,1,226419,94.18999999999998,0,-1,T_3,2,-1,,,,
605,2019-03-11 15:18:13.576201,1,226420,94.18999999999998,0,-1,T_3,2,-1,,,,
606,2019-03-11 15:18:13.640372,1,226421,94.5,1,-1,T_6,2,1,,,,
607,2019-03-11 15:18:13.679186,1,226422,94.5,1,1,T_9,2,-1,,,,
608,2019-03-11 15:18:13.716870,4,226219,94.5,1,-1,T_1,2,1,T_1,94.5,1,2019-03-11 15:18:00
609,2019-03-11 15:18:13.716870,4,226422,94.5,1,1,T_9,2,-1,T_9,94.5,1,2019-03-11 15:18:14
610,2019-03-11 15:18:13.804924,1,226423,94.18999999999998,0,-1,T_1,2,-1,,,,
611,2019-03-11 15:18:13.848614,1,226424,94.18999999999998,0,-1,T_1,2,-1,,,,
612,2019-03-11 15:18:13.890737,1,226425,94.18999999999998,0,-1,T_1,2,-1,,,,
613,2019-03-11 15:18:13.930905,1,226426,94.18999999999998,0,-1,T_1,2,-1,,,,
614,2019-03-11 15:18:13.970641,1,226427,94.18999999999998,0,-1,T_2,2,-1,,,,
615,2019-03-11 15:18:14.013769,1,226428,94.18999999999998,0,-1,T_2,2,-1,,,,
616,2019-03-11 15:18:14.057240,1,226429,94.18999999999998,0,-1,T_2,2,-1,,,,
617,2019-03-11 15:18:14.099111,1,226430,94.18999999999998,0,-1,T_3,2,-1,,,,
618,2019-03-11 15:18:14.139641,1,226431,94.18999999999998,0,-1,T_3,2,-1,,,,
619,2019-03-11 15:18:14.181386,1,226432,94.18999999999998,0,-1,T_3,2,-1,,,,
620,2019-03-11 15:18:14.221311,1,226433,94.18999999999998,0,-1,T_3,2,-1,,,,
621,2019-03-11 15:18:14.272611,1,226434,94.18999999999998,0,-1,T_3,2,-1,,,,
622,2019-03-11 15:18:14.323378,1,226435,94.48999999999998,0,-1,T_1,2,-1,,,,
623,2019-03-11 15:18:14.393902,1,226436,94.5,1,-1,T_3,2,1,,,,
624,2019-03-11 15:18:14.442685,1,226437,94.5,0,-1,T_6,2,1,,,,
625,2019-03-11 15:18:14.514389,1,226438,94.5,1,-1,T_3,2,1,,,,
626,2019-03-11 15:18:14.584821,2,226437,95.0,0,-1,T_6,2,2,,,,
627,2019-03-11 15:18:14.604411,1,226439,94.5,0,-1,T_6,2,1,,,,
628,2019-03-11 15:18:14.673458,1,226440,94.5,1,-1,T_3,2,1,,,,
629,2019-03-11 15:18:14.740371,2,226439,95.0,0,-1,T_6,2,2,,,,
630,2019-03-11 15:18:14.810656,2,226435,94.0,0,-1,T_1,2,-1,,,,
631,2019-03-11 15:18:14.876650,2,226437,95.0,0,-1,T_6,2,2,,,,
632,2019-03-11 15:18:14.940724,2,226439,95.0,0,-1,T_6,2,2,,,,
633,2019-03-11 15:18:14.950087,1,226441,94.5,1,-1,T_3,2,1,,,,
634,2019-03-11 15:18:14.987529,1,226442,94.5,1,-1,T_1,2,1,,,,
635,2019-03-11 15:18:15.026013,1,226443,94.49999999999997,1,1,T_1,2,1,,,,
636,2019-03-11 15:18:15.096934,1,226444,94.59999999999997,3,1,T_9,2,-1,,,,
637,2019-03-11 15:18:15.133746,4,226273,94.5,1,-1,T_1,2,-1,T_1,94.5,1,2019-03-11 15:18:03
638,2019-03-11 15:18:15.133746,4,226275,94.5,1,-1,T_2,2,-1,T_1,94.5,1,2019-03-11 15:18:03
639,2019-03-11 15:18:15.133746,4,226277,94.5,1,-1,T_3,2,-1,T_1,94.5,1,2019-03-11 15:18:03
640,2019-03-11 15:18:15.133746,4,226444,94.5,1,1,T_9,2,-1,T_9,94.5,1,2019-03-11 15:18:15
641,2019-03-11 15:18:15.133746,4,226444,94.5,1,1,T_9,2,-1,T_9,94.5,1,2019-03-11 15:18:15
642,2019-03-11 15:18:15.133746,4,226444,94.5,1,1,T_9,2,-1,T_9,94.5,1,2019-03-11 15:18:15
643,2019-03-11 15:18:15.371233,1,226445,94.49999999999997,1,1,T_3,2,1,,,,
644,2019-03-11 15:18:15.410659,1,226446,94.5,1,-1,T_2,2,1,,,,
645,2019-03-11 15:18:15.458701,1,226447,94.5,1,1,T_9,2,-1,,,,
646,2019-03-11 15:18:15.494846,4,226278,94.5,1,-1,T_2,2,1,T_2,94.5,1,2019-03-11 15:18:04
647,2019-03-11 15:18:15.494846,4,226447,94.5,1,1,T_9,2,-1,T_9,94.5,1,2019-03-11 15:18:15
648,2019-03-11 15:18:15.571537,1,226448,94.5,1,1,T_3,2,-1,,,,
649,2019-03-11 15:18:15.606977,4,226279,94.5,1,-1,T_3,2,1,T_3,94.5,1,2019-03-11 15:18:04
650,2019-03-11 15:18:15.606977,4,226448,94.5,1,1,T_3,2,-1,T_3,94.5,1,2019-03-11 15:18:16
651,2019-03-11 15:18:15.685693,1,226449,94.6,1,1,T_3,2,-1,,,,
652,2019-03-11 15:18:15.721796,4,226281,94.5,1,-1,T_6,2,-1,T_6,94.5,1,2019-03-11 15:18:04
653,2019-03-11 15:18:15.721796,4,226449,94.5,1,1,T_3,2,-1,T_3,94.5,1,2019-03-11 15:18:16
654,2019-03-11 15:18:15.806692,1,226450,94.49999999999997,3,-1,T_1,2,1,,,,
655,2019-03-11 15:18:15.841352,4,226450,94.49,1,-1,T_1,2,1,T_1,94.49,1,2019-03-11 15:18:16
656,2019-03-11 15:18:15.841352,4,226450,94.49,1,-1,T_1,2,1,T_1,94.49,1,2019-03-11 15:18:16
657,2019-03-11 15:18:15.841352,4,226443,94.49,1,1,T_1,2,-1,T_1,94.49,1,2019-03-11 15:18:15
658,2019-03-11 15:18:15.841352,4,226445,94.49,1,1,T_3,2,-1,T_1,94.49,1,2019-03-11 15:18:15
659,2019-03-11 15:18:16.019370,1,226451,94.49999999999997,1,1,T_9,2,-1,,,,
660,2019-03-11 15:18:16.059501,4,226450,94.49,1,-1,T_1,2,-1,T_1,94.49,1,2019-03-11 15:18:16
661,2019-03-11 15:18:16.059501,4,226451,94.49,1,1,T_9,2,-1,T_9,94.49,1,2019-03-11 15:18:16
662,2019-03-11 15:18:16.134068,1,226452,94.49999999999997,1,-1,T_9,2,1,,,,
663,2019-03-11 15:18:16.180825,1,226453,94.49999999999997,3,1,T_6,2,1,,,,
664,2019-03-11 15:18:16.216318,4,226452,94.49,1,-1,T_9,2,-1,T_9,94.49,1,2019-03-11 15:18:16
665,2019-03-11 15:18:16.216318,4,226453,94.49,1,1,T_6,2,1,T_6,94.49,1,2019-03-11 15:18:16
666,2019-03-11 15:18:16.300947,1,226454,94.49999999999997,1,1,T_2,2,1,,,,
667,2019-03-11 15:18:16.337526,1,226455,94.5,1,-1,T_1,2,1,,,,
668,2019-03-11 15:18:16.386626,1,226456,94.5,1,1,T_9,2,-1,,,,
669,2019-03-11 15:18:16.426062,4,226284,94.5,1,-1,T_1,2,1,T_1,94.5,1,2019-03-11 15:18:04
670,2019-03-11 15:18:16.426062,4,226456,94.5,1,1,T_9,2,-1,T_9,94.5,1,2019-03-11 15:18:16
671,2019-03-11 15:18:16.506313,1,226457,94.5,1,1,T_3,2,-1,,,,
672,2019-03-11 15:18:16.543597,4,226285,94.5,1,-1,T_2,2,1,T_2,94.5,1,2019-03-11 15:18:04
673,2019-03-11 15:18:16.543597,4,226457,94.5,1,1,T_3,2,-1,T_3,94.5,1,2019-03-11 15:18:17
674,2019-03-11 15:18:16.622846,1,226458,94.6,1,1,T_1,2,-1,,,,
675,2019-03-11 15:18:16.660387,4,226291,94.5,1,-1,T_3,2,-1,T_3,94.5,1,2019-03-11 15:18:05
676,2019-03-11 15:18:16.660387,4,226458,94.5,1,1,T_1,2,-1,T_1,94.5,1,2019-03-11 15:18:17
677,2019-03-11 15:18:16.752831,1,226459,94.49999999999997,3,-1,T_9,2,-1,,,,
678,2019-03-11 15:18:16.795464,4,226459,94.49,2,-1,T_9,2,-1,T_9,94.49,2,2019-03-11 15:18:17
679,2019-03-11 15:18:16.795464,4,226459,94.49,1,-1,T_9,2,-1,T_9,94.49,1,2019-03-11 15:18:17
680,2019-03-11 15:18:16.795464,4,226453,94.49,2,1,T_6,2,-1,T_6,94.49,2,2019-03-11 15:18:16
681,2019-03-11 15:18:16.795464,4,226454,94.49,1,1,T_2,2,-1,T_6,94.49,2,2019-03-11 15:18:16
682,2019-03-11 15:18:16.962632,1,226460,94.49999999999997,3,1,T_1,2,1,,,,
683,2019-03-11 15:18:17.009764,1,226461,94.49999999999997,1,1,T_3,2,1,,,,
684,2019-03-11 15:18:17.046759,1,226462,94.5,1,-1,T_2,2,1,,,,
685,2019-03-11 15:18:17.093838,1,226463,94.5,1,1,T_6,2,-1,,,,
686,2019-03-11 15:18:17.131425,4,226293,94.5,1,-1,T_2,2,1,T_2,94.5,1,2019-03-11 15:18:05
687,2019-03-11 15:18:17.131425,4,226463,94.5,1,1,T_6,2,-1,T_6,94.5,1,2019-03-11 15:18:17
688,2019-03-11 15:18:17.210125,1,226464,94.5,1,1,T_2,2,-1,,,,
689,2019-03-11 15:18:17.248353,4,226294,94.5,1,-1,T_3,2,1,T_3,94.5,1,2019-03-11 15:18:05
690,2019-03-11 15:18:17.248353,4,226464,94.5,1,1,T_2,2,-1,T_2,94.5,1,2019-03-11 15:18:17
691,2019-03-11 15:18:17.327135,1,226465,94.6,1,1,T_1,2,-1,,,,
692,2019-03-11 15:18:17.363391,4,226295,94.5,1,-1,T_1,2,-1,T_1,94.5,1,2019-03-11 15:18:05
693,2019-03-11 15:18:17.363391,4,226465,94.5,1,1,T_1,2,-1,T_1,94.5,1,2019-03-11 15:18:17
694,2019-03-11 15:18:17.448883,1,226466,94.49999999999997,3,-1,T_1,2,-1,,,,
695,2019-03-11 15:18:17.487903,4,226466,94.49,3,-1,T_1,2,-1,T_1,94.49,3,2019-03-11 15:18:17
696,2019-03-11 15:18:17.487903,4,226460,94.49,3,1,T_1,2,1,T_1,94.49,3,2019-03-11 15:18:17
697,2019-03-11 15:18:17.578032,1,226467,94.28999999999998,0,-1,T_1,2,-1,,,,
698,2019-03-11 15:18:17.620905,1,226468,94.28999999999998,0,-1,T_1,2,-1,,,,
699,2019-03-11 15:18:17.668822,1,226469,94.28999999999998,0,-1,T_1,2,-1,,,,
700,2019-03-11 15:18:17.711556,1,226470,95.01,2,1,T_2,2,-1,,,,
701,2019-03-11 15:18:17.747509,4,226310,94.5,1,-1,T_9,2,-1,T_9,94.5,1,2019-03-11 15:18:06
702,2019-03-11 15:18:17.747509,4,226350,94.5,1,-1,T_3,2,-1,T_9,94.5,1,2019-03-11 15:18:06
703,2019-03-11 15:18:17.747509,4,226470,94.5,1,1,T_2,2,-1,T_2,94.5,1,2019-03-11 15:18:18
704,2019-03-11 15:18:17.747509,4,226470,94.5,1,1,T_2,2,-1,T_2,94.5,1,2019-03-11 15:18:18
705,2019-03-11 15:18:17.909179,1,226471,94.28999999999998,0,-1,T_2,2,-1,,,,
706,2019-03-11 15:18:17.953090,1,226472,94.28999999999998,0,-1,T_2,2,-1,,,,
707,2019-03-11 15:18:17.996111,1,226473,94.28999999999998,0,-1,T_3,2,-1,,,,
708,2019-03-11 15:18:18.040365,1,226474,94.28999999999998,0,-1,T_3,2,-1,,,,
709,2019-03-11 15:18:18.082200,1,226475,94.28999999999998,0,-1,T_3,2,-1,,,,
710,2019-03-11 15:18:18.129207,1,226476,94.58999999999997,0,-1,T_1,2,2,,,,
711,2019-03-11 15:18:18.209176,1,226477,94.5,1,-1,T_2,2,1,,,,
712,2019-03-11 15:18:18.257734,1,226478,94.5,1,-1,T_2,2,1,,,,
713,2019-03-11 15:18:18.295116,1,226479,94.49,1,-1,T_3,2,-1,,,,
714,2019-03-11 15:18:18.330264,4,226479,94.49,1,-1,T_3,2,-1,T_3,94.49,1,2019-03-11 15:18:18
715,2019-03-11 15:18:18.330264,4,226461,94.49,1,1,T_3,2,-1,T_3,94.49,1,2019-03-11 15:18:17
716,2019-03-11 15:18:18.407989,1,226480,94.48,0,-1,T_6,2,-1,,,,
717,2019-03-11 15:18:18.474749,1,226481,94.47,0,-1,T_6,2,-1,,,,
718,2019-03-11 15:18:18.540962,1,226482,94.46,0,-1,T_1,2,-1,,,,
719,2019-03-11 15:18:18.614285,1,226483,94.5,0,-1,T_9,2,1,,,,
720,2019-03-11 15:18:18.686570,1,226484,94.5,1,-1,T_3,2,1,,,,
721,2019-03-11 15:18:18.755843,2,226483,95.0,0,-1,T_9,2,3,,,,
722,2019-03-11 15:18:18.776167,1,226485,94.5,0,-1,T_9,2,1,,,,
723,2019-03-11 15:18:18.847137,1,226486,94.5,1,-1,T_2,2,1,,,,
724,2019-03-11 15:18:18.917086,2,226485,95.0,0,-1,T_9,2,2,,,,
725,2019-03-11 15:18:18.989607,2,226476,95.0,0,-1,T_1,2,2,,,,
726,2019-03-11 15:18:19.053730,2,226480,94.0,0,-1,T_6,2,-1,,,,
727,2019-03-11 15:18:19.117248,2,226481,94.0,0,-1,T_6,2,-1,,,,
728,2019-03-11 15:18:19.180632,2,226482,94.0,0,-1,T_1,2,-1,,,,
729,2019-03-11 15:18:19.240943,2,226483,95.0,0,-1,T_9,2,2,,,,
730,2019-03-11 15:18:19.307621,2,226485,95.0,0,-1,T_9,2,2,,,,
731,2019-03-11 15:18:19.317912,1,226487,94.5,1,-1,T_1,2,1,,,,
732,2019-03-11 15:18:19.353671,1,226488,94.5,1,-1,T_2,2,1,,,,
733,2019-03-11 15:18:19.390102,1,226489,94.59999999999997,1,1,T_1,2,-1,,,,
734,2019-03-11 15:18:19.451524,4,226352,94.5,1,-1,T_3,2,-1,T_3,94.5,1,2019-03-11 15:18:08
735,2019-03-11 15:18:19.451524,4,226489,94.5,1,1,T_1,2,-1,T_1,94.5,1,2019-03-11 15:18:19
736,2019-03-11 15:18:19.545601,1,226490,94.5,1,1,T_1,2,-1,,,,
737,2019-03-11 15:18:19.584999,4,226354,94.5,1,-1,T_2,2,1,T_2,94.5,1,2019-03-11 15:18:09
738,2019-03-11 15:18:19.584999,4,226490,94.5,1,1,T_1,2,-1,T_1,94.5,1,2019-03-11 15:18:20
739,2019-03-11 15:18:19.660581,1,226491,94.5,1,-1,T_6,2,1,,,,
740,2019-03-11 15:18:19.710143,1,226492,94.49999999999997,3,1,T_6,2,1,,,,
741,2019-03-11 15:18:19.759475,1,226493,94.49999999999997,1,1,T_2,2,1,,,,
742,2019-03-11 15:18:19.799225,1,226494,94.5,1,-1,T_3,2,1,,,,
743,2019-03-11 15:18:19.847577,1,226495,94.5,1,1,T_1,2,-1,,,,
744,2019-03-11 15:18:19.886708,4,226355,94.5,1,-1,T_1,2,1,T_1,94.5,1,2019-03-11 15:18:09
745,2019-03-11 15:18:19.886708,4,226495,94.5,1,1,T_1,2,-1,T_1,94.5,1,2019-03-11 15:18:20
746,2019-03-11 15:18:19.971074,1,226496,94.5,1,1,T_1,2,-1,,,,
747,2019-03-11 15:18:20.006843,4,226356,94.5,1,-1,T_1,2,1,T_1,94.5,1,2019-03-11 15:18:09
748,2019-03-11 15:18:20.006843,4,226496,94.5,1,1,T_1,2,-1,T_1,94.5,1,2019-03-11 15:18:20
749,2019-03-11 15:18:20.090909,1,226497,94.6,1,1,T_3,2,-1,,,,
750,2019-03-11 15:18:20.144712,4,226373,94.5,1,-1,T_6,2,-1,T_6,94.5,1,2019-03-11 15:18:10
751,2019-03-11 15:18:20.144712,4,226497,94.5,1,1,T_3,2,-1,T_3,94.5,1,2019-03-11 15:18:20
752,2019-03-11 15:18:20.232031,1,226498,94.49999999999997,3,-1,T_1,2,-1,,,,
753,2019-03-11 15:18:20.268496,4,226498,94.49,3,-1,T_1,2,-1,T_1,94.49,3,2019-03-11 15:18:20
754,2019-03-11 15:18:20.268496,4,226492,94.49,3,1,T_6,2,1,T_6,94.49,3,2019-03-11 15:18:20
755,2019-03-11 15:18:20.361138,1,226499,94.28999999999998,0,-1,T_1,2,-1,,,,
756,2019-03-11 15:18:20.401994,1,226500,94.28999999999998,0,-1,T_1,2,-1,,,,
757,2019-03-11 15:18:20.441847,1,226501,94.28999999999998,0,-1,T_1,2,-1,,,,
758,2019-03-11 15:18:20.482726,1,226502,94.28999999999998,0,-1,T_1,2,-1,,,,
759,2019-03-11 15:18:20.526978,1,226503,94.28999999999998,0,-1,T_1,2,-1,,,,
760,2019-03-11 15:18:20.567306,1,226504,94.28999999999998,0,-1,T_2,2,-1,,,,
761,2019-03-11 15:18:20.608821,1,226505,94.28999999999998,0,-1,T_2,2,-1,,,,
762,2019-03-11 15:18:20.648353,1,226506,94.28999999999998,0,-1,T_2,2,-1,,,,
763,2019-03-11 15:18:20.711209,1,226507,95.01,2,1,T_2,2,-1,,,,
764,2019-03-11 15:18:20.747827,4,226375,94.5,1,-1,T_2,2,-1,T_2,94.5,1,2019-03-11 15:18:10
765,2019-03-11 15:18:20.747827,4,226376,94.5,1,-1,T_2,2,-1,T_2,94.5,1,2019-03-11 15:18:10
766,2019-03-11 15:18:20.747827,4,226507,94.5,1,1,T_2,2,-1,T_2,94.5,1,2019-03-11 15:18:21
767,2019-03-11 15:18:20.747827,4,226507,94.5,1,1,T_2,2,-1,T_2,94.5,1,2019-03-11 15:18:21
768,2019-03-11 15:18:20.908598,1,226508,94.28999999999998,0,-1,T_2,2,-1,,,,
769,2019-03-11 15:18:20.957650,1,226509,94.28999999999998,0,-1,T_3,2,-1,,,,
770,2019-03-11 15:18:21.000781,1,226510,94.28999999999998,0,-1,T_3,2,-1,,,,
771,2019-03-11 15:18:21.063626,1,226511,94.28999999999998,0,-1,T_3,2,-1,,,,
772,2019-03-11 15:18:21.104868,1,226512,94.28999999999998,0,-1,T_3,2,-1,,,,
773,2019-03-11 15:18:21.154043,1,226513,94.58999999999997,0,-1,T_1,2,2,,,,
774,2019-03-11 15:18:21.227293,1,226514,94.5,1,-1,T_3,2,1,,,,
775,2019-03-11 15:18:21.275386,1,226515,94.5,1,-1,T_3,2,1,,,,
776,2019-03-11 15:18:21.312987,1,226516,94.49,1,-1,T_1,2,-1,,,,
777,2019-03-11 15:18:21.348404,4,226516,94.49,1,-1,T_1,2,-1,T_1,94.49,1,2019-03-11 15:18:21
778,2019-03-11 15:18:21.348404,4,226493,94.49,1,1,T_2,2,-1,T_2,94.49,1,2019-03-11 15:18:20
779,2019-03-11 15:18:21.430853,1,226517,94.48,0,-1,T_1,2,-1,,,,
780,2019-03-11 15:18:21.492300,1,226518,94.47,0,-1,T_1,2,-1,,,,
781,2019-03-11 15:18:21.555602,1,226519,94.46,0,-1,T_1,2,-1,,,,
782,2019-03-11 15:18:21.635869,1,226520,94.5,0,-1,T_6,2,1,,,,
783,2019-03-11 15:18:21.707399,1,226521,94.5,1,-1,T_2,2,1,,,,
784,2019-03-11 15:18:21.772956,2,226520,95.0,0,-1,T_6,2,3,,,,
785,2019-03-11 15:18:21.794322,1,226522,94.5,0,-1,T_1,2,1,,,,
786,2019-03-11 15:18:21.865994,1,226523,94.5,1,-1,T_1,2,1,,,,
787,2019-03-11 15:18:21.937235,2,226522,95.0,0,-1,T_1,2,2,,,,
788,2019-03-11 15:18:22.009362,2,226513,95.0,0,-1,T_1,2,2,,,,
789,2019-03-11 15:18:22.073299,2,226517,94.0,0,-1,T_1,2,-1,,,,
790,2019-03-11 15:18:22.136812,2,226518,94.0,0,-1,T_1,2,-1,,,,
791,2019-03-11 15:18:22.199739,2,226519,94.0,0,-1,T_1,2,-1,,,,
792,2019-03-11 15:18:22.262407,2,226520,95.0,0,-1,T_6,2,2,,,,
793,2019-03-11 15:18:22.326567,2,226522,95.0,0,-1,T_1,2,2,,,,
794,2019-03-11 15:18:22.336485,1,226524,94.5,1,-1,T_1,2,1,,,,
795,2019-03-11 15:18:22.380158,1,226525,94.5,1,-1,T_3,2,1,,,,
796,2019-03-11 15:18:22.418798,1,226526,94.59999999999997,1,1,T_1,2,-1,,,,
797,2019-03-11 15:18:22.477302,4,226382,94.5,1,-1,T_3,2,-1,T_3,94.5,1,2019-03-11 15:18:11
798,2019-03-11 15:18:22.477302,4,226526,94.5,1,1,T_1,2,-1,T_1,94.5,1,2019-03-11 15:18:22
799,2019-03-11 15:18:22.573149,1,226527,94.18999999999998,0,-1,T_1,2,-1,,,,
800,2019-03-11 15:18:22.616181,1,226528,94.18999999999998,0,-1,T_1,2,-1,,,,
801,2019-03-11 15:18:22.657654,1,226529,94.18999999999998,0,-1,T_1,2,-1,,,,
802,2019-03-11 15:18:22.698322,1,226530,94.18999999999998,0,-1,T_1,2,-1,,,,
803,2019-03-11 15:18:22.740832,1,226531,95.01,2,1,T_1,2,-1,,,,
804,2019-03-11 15:18:22.778301,4,226384,94.5,1,-1,T_3,2,-1,T_3,94.5,1,2019-03-11 15:18:11
805,2019-03-11 15:18:22.778301,4,226385,94.5,1,-1,T_2,2,-1,T_3,94.5,1,2019-03-11 15:18:11
806,2019-03-11 15:18:22.778301,4,226531,94.5,1,1,T_1,2,-1,T_1,94.5,1,2019-03-11 15:18:23
807,2019-03-11 15:18:22.778301,4,226531,94.5,1,1,T_1,2,-1,T_1,94.5,1,2019-03-11 15:18:23
808,2019-03-11 15:18:22.944746,1,226532,94.18999999999998,0,-1,T_2,2,-1,,,,
809,2019-03-11 15:18:22.986207,1,226533,94.18999999999998,0,-1,T_2,2,-1,,,,
810,2019-03-11 15:18:23.029606,1,226534,94.18999999999998,0,-1,T_2,2,-1,,,,
811,2019-03-11 15:18:23.069721,1,226535,94.18999999999998,0,-1,T_2,2,-1,,,,
812,2019-03-11 15:18:23.121520,1,226536,94.18999999999998,0,-1,T_3,2,-1,,,,
813,2019-03-11 15:18:23.163959,1,226537,94.18999999999998,0,-1,T_3,2,-1,,,,
814,2019-03-11 15:18:23.209834,1,226538,94.18999999999998,0,-1,T_3,2,-1,,,,
815,2019-03-11 15:18:23.251438,1,226539,94.18999999999998,0,-1,T_3,2,-1,,,,
816,2019-03-11 15:18:23.300113,1,226540,94.5,1,1,T_6,2,-1,,,,
817,2019-03-11 15:18:23.337564,4,226386,94.5,1,-1,T_2,2,1,T_2,94.5,1,2019-03-11 15:18:11
818,2019-03-11 15:18:23.337564,4,226540,94.5,1,1,T_6,2,-1,T_6,94.5,1,2019-03-11 15:18:23
819,2019-03-11 15:18:23.415471,1,226541,94.5,1,-1,T_9,2,1,,,,
820,2019-03-11 15:18:23.470693,1,226542,94.18999999999998,0,-1,T_1,2,-1,,,,
821,2019-03-11 15:18:23.511755,1,226543,94.18999999999998,0,-1,T_1,2,-1,,,,
822,2019-03-11 15:18:23.555437,1,226544,94.18999999999998,0,-1,T_1,2,-1,,,,
823,2019-03-11 15:18:23.601598,1,226545,94.18999999999998,0,-1,T_1,2,-1,,,,
824,2019-03-11 15:18:23.643277,1,226546,94.18999999999998,0,-1,T_1,2,-1,,,,
825,2019-03-11 15:18:23.710927,1,226547,94.18999999999998,0,-1,T_2,2,-1,,,,
826,2019-03-11 15:18:23.753370,1,226548,94.18999999999998,0,-1,T_2,2,-1,,,,
827,2019-03-11 15:18:23.802376,1,226549,94.18999999999998,0,-1,T_2,2,-1,,,,
828,2019-03-11 15:18:23.844253,1,226550,94.18999999999998,0,-1,T_2,2,-1,,,,
829,2019-03-11 15:18:23.897977,1,226551,94.18999999999998,0,-1,T_3,2,-1,,,,
830,2019-03-11 15:18:23.942115,1,226552,94.18999999999998,0,-1,T_3,2,-1,,,,
831,2019-03-11 15:18:23.985723,1,226553,94.18999999999998,0,-1,T_3,2,-1,,,,
832,2019-03-11 15:18:24.040363,1,226554,94.18999999999998,0,-1,T_1,2,-1,,,,
833,2019-03-11 15:18:24.082106,1,226555,94.18999999999998,0,-1,T_1,2,-1,,,,
834,2019-03-11 15:18:24.123539,1,226556,94.18999999999998,0,-1,T_1,2,-1,,,,
835,2019-03-11 15:18:24.165758,1,226557,94.18999999999998,0,-1,T_1,2,-1,,,,
836,2019-03-11 15:18:24.208469,1,226558,94.18999999999998,0,-1,T_1,2,-1,,,,
837,2019-03-11 15:18:24.251465,1,226559,94.18999999999998,0,-1,T_2,2,-1,,,,
838,2019-03-11 15:18:24.298036,1,226560,94.18999999999998,0,-1,T_2,2,-1,,,,
839,2019-03-11 15:18:24.341864,1,226561,94.18999999999998,0,-1,T_2,2,-1,,,,
840,2019-03-11 15:18:24.383264,1,226562,94.18999999999998,0,-1,T_3,2,-1,,,,
841,2019-03-11 15:18:24.431557,1,226563,94.18999999999998,0,-1,T_3,2,-1,,,,
842,2019-03-11 15:18:24.480368,1,226564,94.18999999999998,0,-1,T_3,2,-1,,,,
843,2019-03-11 15:18:24.532845,1,226565,94.49999999999997,3,1,T_1,2,1,,,,
844,2019-03-11 15:18:24.583249,1,226566,94.49999999999997,1,1,T_2,2,1,,,,
845,2019-03-11 15:18:24.621146,1,226567,94.5,1,-1,T_2,2,1,,,,
846,2019-03-11 15:18:24.670223,1,226568,94.5,1,1,T_1,2,-1,,,,
847,2019-03-11 15:18:24.710587,4,226421,94.5,1,-1,T_6,2,1,T_6,94.5,1,2019-03-11 15:18:14
848,2019-03-11 15:18:24.710587,4,226568,94.5,1,1,T_1,2,-1,T_1,94.5,1,2019-03-11 15:18:25
849,2019-03-11 15:18:24.790972,1,226569,94.5,1,1,T_3,2,-1,,,,
850,2019-03-11 15:18:24.828591,4,226436,94.5,1,-1,T_3,2,1,T_3,94.5,1,2019-03-11 15:18:14
851,2019-03-11 15:18:24.828591,4,226569,94.5,1,1,T_3,2,-1,T_3,94.5,1,2019-03-11 15:18:25
852,2019-03-11 15:18:24.912943,1,226570,94.6,1,1,T_1,2,-1,,,,
853,2019-03-11 15:18:24.950007,4,226438,94.5,1,-1,T_3,2,-1,T_3,94.5,1,2019-03-11 15:18:15
854,2019-03-11 15:18:24.950007,4,226570,94.5,1,1,T_1,2,-1,T_1,94.5,1,2019-03-11 15:18:25
855,2019-03-11 15:18:25.042555,1,226571,94.49999999999997,3,-1,T_6,2,-1,,,,
856,2019-03-11 15:18:25.082237,4,226571,94.49,3,-1,T_6,2,-1,T_6,94.49,3,2019-03-11 15:18:25
857,2019-03-11 15:18:25.082237,4,226565,94.49,3,1,T_1,2,1,T_1,94.49,3,2019-03-11 15:18:25
