trader,timestamp,a1_sum_buy,a1_min_buy,a1_max_buy, a1_sum_sell,a1_min_sell,a1_max_sell,diff_a1_sum_buy,diff_a1_min_buy,diff_a1_max_buy, diff_a1_sum_sell,diff_a1_min_sell,diff_a1_max_sell,severity,labels
T_4,2019-06-24 13:54:45,-0.5559782172084934,-0.8033487750042076,-0.8033483807914134,-0.8033437810017908,-0.803336252414806,-0.3972302789502815,-0.3277984353491063,-0.31661186141429964,-0.3118959831306201,-0.3449101144739031,-0.615545114841126,-0.9289151752897842,-0.928914592439672,-0.9289134728703383,-0.9289167312760462,-0.445688795170936,-0.40418348351801053,-0.4016706643018407,-0.39813199121973325,-0.4077464239985835,0.00013315760702360866,7.82035829600733e-06,7.093148647748169e-06,3.5500509006211944e-06,1.2685223552787387e-05,0.0037513590679273305,0.0008730356524714299,0.001032506318229211,0.0009322646521791534,0.00046358408245056483,0.0010197338881007966,0.0006743508007219833,0.0006753430482958036,0.0006660807778178774,0.0006837163348228305,0.004250421607670905,0.0007699386907898716,0.0009736171245120879,0.00018590292956838152,0.0012881412014305925,0.11356826576589502,1
T_3,2019-06-24 13:54:46,1.8703581233660433,1.1883742667086366,1.188755521537879,1.1876216968398552,1.188101079477851,0.16892184619812634,-0.2157254718053036,-0.20445398380436702,-0.19909932514333398,-0.23886781166802748,-0.615545114841126,-0.9289151752897842,-0.928914592439672,-0.9289134728703383,-0.9289167312760462,-0.445688795170936,-0.40418348351801053,-0.4016706643018407,-0.39813199121973325,-0.4077464239985835,1.8343130933593608,1.5883918444858582,1.5886456222819687,1.5879555181023632,1.5880721367041244,0.4312304478553339,0.08714741252881478,0.08758501871875378,0.08809900963093,0.0809616486851165,0.0010197338881007966,0.0006743508007219833,0.0006753430482958036,0.0006660807778178774,0.0006837163348228305,0.004250421607670905,0.0007699386907898716,0.0009736171245120879,0.00018590292956838152,0.0012881412014305925,0.1493764549584729,1
T_3,2019-06-24 13:54:47,3.082560465335069,1.1878457160474019,1.1872419290797975,1.1876216968398552,1.188101079477851,0.45199790877233026,-0.2157254718053036,-0.20445398380436702,-0.19909932514333398,-0.23886781166802748,0.9566691695500372,1.0284623582071315,1.0285275846831146,1.028579197959667,1.0282267135904397,-0.1731864156285453,-0.3135583352804064,-0.3110604119084129,-0.3060864495501972,-0.3197230196170404,0.9164930111568814,-0.0004136947864628849,-0.0011999479567394399,3.5500509006211944e-06,1.2685223552787387e-05,0.2174909034616306,0.0008730356524714299,0.001032506318229211,0.0009322646521791534,0.00046358408245056483,1.2162864985732855,1.6079880341432953,1.6080496282692434,1.6080675568020701,1.607800413875976,0.25174203665552647,0.09043321808289419,0.09028921069767758,0.09057190728571549,0.08827345399803532,0.13485464950390894,1
T_3,2019-06-24 13:54:48,-0.15208637503425623,1.1859237136429122,1.185944564115728,1.1876216968398552,1.1842123973370324,-0.30287159142554687,-0.2157254718053036,-0.20445398380436702,-0.19909932514333398,-0.23886781166802748,-0.615545114841126,-0.9289151752897842,-0.928914592439672,-0.9289134728703383,-0.9289167312760462,-0.445688795170936,-0.40418348351801053,-0.4016706643018407,-0.39813199121973325,-0.4077464239985835,-2.4450860952378815,-0.001524961986281738,-0.0010275135131125937,3.5500509006211944e-06,-0.003088320431323446,-0.5662207593152814,0.0008730356524714299,0.001032506318229211,0.0009322646521791534,0.00046358408245056483,-1.2142470307970838,-1.6066393325418513,-1.6066989421726516,-1.6067353952464343,-1.6064329812063305,-0.24324119344018463,-0.08889334070131444,-0.08834197644865341,-0.09020010142657872,-0.08569717159517413,0.3129851849167075,1
T_4,2019-06-24 13:54:48,0.25316640704295923,1.1892752053357412,1.1892960902729082,1.1904350176237615,1.188101079477851,-0.20851290390081223,-0.2157254718053036,-0.20445398380436702,-0.19909932514333398,-0.23886781166802748,0.9566691695500372,1.0284623582071315,1.0285275846831146,1.028579197959667,1.0282267135904397,-0.1731864156285453,-0.3135583352804064,-0.3110604119084129,-0.3060864495501972,-0.3197230196170404,0.3064824915241153,0.002680609571653662,0.002679827024862271,0.00224739522314693,0.003113690878429021,0.07499787386582842,0.0008730356524714299,0.001032506318229211,0.0009322646521791534,0.00046358408245056483,1.2162864985732855,1.6079880341432953,1.6080496282692434,1.6080675568020701,1.607800413875976,0.25174203665552647,0.09043321808289419,0.09028921069767758,0.09057190728571549,0.08827345399803532,0.2826813239526095,1
T_4,2019-06-24 13:54:49,0.25206887486313806,1.1865723894544276,1.1865932465977629,1.1876216968398552,1.185508624717305,-0.20851290390081223,-0.2157254718053036,-0.20445398380436702,-0.19909932514333398,-0.23886781166802748,1.7426911661033553,1.0283916883801254,1.0284215764417322,1.028579197959667,1.0282267135904397,-0.03693522585734997,-0.3135583352804064,-0.3110604119084129,-0.3060864495501972,-0.3197230196170404,-0.0006965177637841503,-0.0021476548137665543,-0.002148337396686481,-0.0022402951213456868,-0.002054651879698198,0.0037513590679273305,0.0008730356524714299,0.001032506318229211,0.0009322646521791534,0.00046358408245056483,0.6085873016211786,0.0006163197985251075,0.000588293263014241,0.0006660807778178774,0.0006837163348228305,0.12799622913159867,0.0007699386907898716,0.0009736171245120879,0.00018590292956838152,0.0012881412014305925,0.3454047924868697,1
T_4,2019-06-24 13:54:50,1.0612134991145905,1.1879237973950842,1.1879987253088382,1.1876216968398552,1.188101079477851,-0.019795528851342954,-0.2157254718053036,-0.20445398380436702,-0.19909932514333398,-0.23886781166802748,0.17064717299671894,1.0286743676881491,1.0287396011658787,1.02900331076886,1.0282267135904397,-0.3094376053997407,-0.3135583352804064,-0.3110604119084129,-0.3060864495501972,-0.3197230196170404,0.6118030279814052,0.0010855579443271657,0.0011279170322213907,3.5500509006211944e-06,0.002080022326803773,0.14624438866372952,0.0008730356524714299,0.001032506318229211,0.0009322646521791534,0.00046358408245056483,-1.2141154015780549,0.0009064748095087438,0.0009364924041399967,0.0010143423910829786,0.0006837163348228305,-0.24324119344018463,0.0007699386907898716,0.0009736171245120879,0.00018590292956838152,0.0012881412014305925,0.37145030673073937,1
T_3,2019-06-24 13:54:51,-0.5559782172084934,-0.8033487750042076,-0.8033483807914134,-0.8033437810017908,-0.803336252414806,-0.3972302789502815,-0.3277984353491063,-0.31661186141429964,-0.3118959831306201,-0.3449101144739031,-0.615545114841126,-0.9289151752897842,-0.928914592439672,-0.9289134728703383,-0.9289167312760462,-0.445688795170936,-0.40418348351801053,-0.4016706643018407,-0.39813199121973325,-0.4077464239985835,-1.2223769077709319,-1.5880169579072558,-1.5880279154319794,-1.5879484180005623,-1.588046766257019,-0.281234700123677,-0.0854013412238719,-0.08552000608229535,-0.08623448032657169,-0.08003448052021536,-0.6066794630640061,-1.6068134255484412,-1.6068730417432144,-1.6070836568596993,-1.6064329812063305,-0.11949538591625686,-0.08889334070131444,-0.08834197644865341,-0.09020010142657872,-0.08569717159517413,0.2228040189779591,1
T_4,2019-06-24 13:54:51,-0.5559782172084934,-0.8033487750042076,-0.8033483807914134,-0.8033437810017908,-0.803336252414806,-0.3972302789502815,-0.3277984353491063,-0.31661186141429964,-0.3118959831306201,-0.3449101144739031,-0.615545114841126,-0.9289151752897842,-0.928914592439672,-0.9289134728703383,-0.9289167312760462,-0.445688795170936,-0.40418348351801053,-0.4016706643018407,-0.39813199121973325,-0.4077464239985835,0.00013315760702360866,7.82035829600733e-06,7.093148647748169e-06,3.5500509006211944e-06,1.2685223552787387e-05,0.0037513590679273305,0.0008730356524714299,0.001032506318229211,0.0009322646521791534,0.00046358408245056483,0.0010197338881007966,0.0006743508007219833,0.0006753430482958036,0.0006660807778178774,0.0006837163348228305,0.004250421607670905,0.0007699386907898716,0.0009736171245120879,0.00018590292956838152,0.0012881412014305925,0.11356826576589502,1
T_5,2019-06-24 13:54:51,-0.5559782172084934,-0.8033487750042076,-0.8033483807914134,-0.8033437810017908,-0.803336252414806,-0.3972302789502815,-0.3277984353491063,-0.31661186141429964,-0.3118959831306201,-0.3449101144739031,0.16881654168805874,1.0241161638462661,1.024181246786443,1.0245501262723342,1.0235638203927935,0.09931596391384538,-0.041682890567594,-0.03922965472812946,-0.029949824541589096,-0.055652806472411206,0.00013315760702360866,7.82035829600733e-06,7.093148647748169e-06,3.5500509006211944e-06,1.2685223552787387e-05,0.0037513590679273305,0.0008730356524714299,0.001032506318229211,0.0009322646521791534,0.00046358408245056483,0.607303916735646,1.6044191275081991,1.604480587072706,1.6047590714760533,1.603971459214301,0.499233651703382,0.3594230562592072,0.35823599141717405,0.3617299203541568,0.3492293923878495,0.2486920942640796,1
T_3,2019-06-24 13:54:52,-0.5559782172084934,-0.8033487750042076,-0.8033483807914134,-0.8033437810017908,-0.803336252414806,-0.3972302789502815,-0.3277984353491063,-0.31661186141429964,-0.3118959831306201,-0.3449101144739031,-0.615545114841126,-0.9289151752897842,-0.928914592439672,-0.9289134728703383,-0.9289167312760462,-0.445688795170936,-0.40418348351801053,-0.4016706643018407,-0.39813199121973325,-0.4077464239985835,0.00013315760702360866,7.82035829600733e-06,7.093148647748169e-06,3.5500509006211944e-06,1.2685223552787387e-05,0.0037513590679273305,0.0008730356524714299,0.001032506318229211,0.0009322646521791534,0.00046358408245056483,-0.6052644489594444,-1.6030704259067552,-1.6031299009761144,-1.6034269099204175,-1.6026040265446555,-0.49073280848804013,-0.3578831788776274,-0.3562887571681499,-0.36135811449502003,-0.34665310998498833,0.21267097214084046,1
T_4,2019-06-24 13:54:52,-0.5559782172084934,-0.8033487750042076,-0.8033483807914134,-0.8033437810017908,-0.803336252414806,-0.3972302789502815,-0.3277984353491063,-0.31661186141429964,-0.3118959831306201,-0.3449101144739031,-0.615545114841126,-0.9289151752897842,-0.928914592439672,-0.9289134728703383,-0.9289167312760462,-0.445688795170936,-0.40418348351801053,-0.4016706643018407,-0.39813199121973325,-0.4077464239985835,0.00013315760702360866,7.82035829600733e-06,7.093148647748169e-06,3.5500509006211944e-06,1.2685223552787387e-05,0.0037513590679273305,0.0008730356524714299,0.001032506318229211,0.0009322646521791534,0.00046358408245056483,0.0010197338881007966,0.0006743508007219833,0.0006753430482958036,0.0006660807778178774,0.0006837163348228305,0.004250421607670905,0.0007699386907898716,0.0009736171245120879,0.00018590292956838152,0.0012881412014305925,0.11356826576589502,1
T_5,2019-06-24 13:54:52,-0.5559782172084934,-0.8033487750042076,-0.8033483807914134,-0.8033437810017908,-0.803336252414806,-0.3972302789502815,-0.3277984353491063,-0.31661186141429964,-0.3118959831306201,-0.3449101144739031,0.16881654168805874,1.0241161638462661,1.024181246786443,1.0245501262723342,1.0235638203927935,-0.03693522585734997,-0.13230803880519815,-0.12983990712155727,-0.12199536621112514,-0.1436762108539543,0.00013315760702360866,7.82035829600733e-06,7.093148647748169e-06,3.5500509006211944e-06,1.2685223552787387e-05,0.0037513590679273305,0.0008730356524714299,0.001032506318229211,0.0009322646521791534,0.00046358408245056483,0.607303916735646,1.6044191275081991,1.604480587072706,1.6047590714760533,1.603971459214301,0.37548784417945424,0.2697597768671028,0.26892039784400856,0.27134391599800967,0.26224407959124474,0.24019695787431006,1
T_1,2019-06-24 13:54:53,-0.5559782172084934,-0.8033487750042076,-0.8033483807914134,-0.8033437810017908,-0.803336252414806,-0.3972302789502815,-0.3277984353491063,-0.31661186141429964,-0.3118959831306201,-0.3449101144739031,-0.2233642865765336,1.0241161638462661,1.024181246786443,1.0245501262723342,1.0235638203927935,-0.241312010514143,-0.13230803880519815,-0.12983990712155727,-0.12199536621112514,-0.1436762108539543,0.00013315760702360866,7.82035829600733e-06,7.093148647748169e-06,3.5500509006211944e-06,1.2685223552787387e-05,0.0037513590679273305,0.0008730356524714299,0.001032506318229211,0.0009322646521791534,0.00046358408245056483,-0.3021223575356718,0.0006743508007219833,0.0006753430482958036,0.0006660807778178774,0.0006837163348228305,-0.18136828967822077,0.0007699386907898716,0.0009736171245120879,0.00018590292956838152,0.0012881412014305925,0.20302405934350615,1
T_3,2019-06-24 13:54:53,-0.5559782172084934,-0.8033487750042076,-0.8033483807914134,-0.8033437810017908,-0.803336252414806,-0.3972302789502815,-0.3277984353491063,-0.31661186141429964,-0.3118959831306201,-0.3449101144739031,-0.615545114841126,-0.9289151752897842,-0.928914592439672,-0.9289134728703383,-0.9289167312760462,-0.445688795170936,-0.40418348351801053,-0.4016706643018407,-0.39813199121973325,-0.4077464239985835,0.00013315760702360866,7.82035829600733e-06,7.093148647748169e-06,3.5500509006211944e-06,1.2685223552787387e-05,0.0037513590679273305,0.0008730356524714299,0.001032506318229211,0.0009322646521791534,0.00046358408245056483,-0.3021223575356718,-1.6030704259067552,-1.6031299009761144,-1.6034269099204175,-1.6026040265446555,-0.18136828967822077,-0.2682198994855231,-0.2669731635949844,-0.27097211013887296,-0.2596677971883836,0.15287858334521753,1
T_4,2019-06-24 13:54:53,-0.5559782172084934,-0.8033487750042076,-0.8033483807914134,-0.8033437810017908,-0.803336252414806,-0.3972302789502815,-0.3277984353491063,-0.31661186141429964,-0.3118959831306201,-0.3449101144739031,-0.615545114841126,-0.9289151752897842,-0.928914592439672,-0.9289134728703383,-0.9289167312760462,-0.445688795170936,-0.40418348351801053,-0.4016706643018407,-0.39813199121973325,-0.4077464239985835,0.00013315760702360866,7.82035829600733e-06,7.093148647748169e-06,3.5500509006211944e-06,1.2685223552787387e-05,0.0037513590679273305,0.0008730356524714299,0.001032506318229211,0.0009322646521791534,0.00046358408245056483,0.0010197338881007966,0.0006743508007219833,0.0006753430482958036,0.0006660807778178774,0.0006837163348228305,0.004250421607670905,0.0007699386907898716,0.0009736171245120879,0.00018590292956838152,0.0012881412014305925,0.11356826576589502,1
T_5,2019-06-24 13:54:53,-0.5559782172084934,-0.8033487750042076,-0.8033483807914134,-0.8033437810017908,-0.803336252414806,-0.3972302789502815,-0.3277984353491063,-0.31661186141429964,-0.3118959831306201,-0.3449101144739031,-0.2233642865765336,1.0241161638462661,1.024181246786443,1.0245501262723342,1.0235638203927935,-0.241312010514143,-0.13230803880519815,-0.12983990712155727,-0.12199536621112514,-0.1436762108539543,0.00013315760702360866,7.82035829600733e-06,7.093148647748169e-06,3.5500509006211944e-06,1.2685223552787387e-05,0.0037513590679273305,0.0008730356524714299,0.001032506318229211,0.0009322646521791534,0.00046358408245056483,0.3041618253118734,1.6044191275081991,1.604480587072706,1.6047590714760533,1.603971459214301,0.18986913289356255,0.2697597768671028,0.26892039784400856,0.27134391599800967,0.26224407959124474,0.18205295366714447,1
T_1,2019-06-24 13:54:54,-0.5559782172084934,-0.8033487750042076,-0.8033483807914134,-0.8033437810017908,-0.803336252414806,-0.3972302789502815,-0.3277984353491063,-0.31661186141429964,-0.3118959831306201,-0.3449101144739031,0.5609973699526509,1.0241161638462661,1.024181246786443,1.0245501262723342,1.0235638203927935,-0.03693522585734997,-0.22293318704280227,-0.22045015951498506,-0.21404090788066119,-0.23169961523549737,0.00013315760702360866,7.82035829600733e-06,7.093148647748169e-06,3.5500509006211944e-06,1.2685223552787387e-05,0.0037513590679273305,0.0008730356524714299,0.001032506318229211,0.0009322646521791534,0.00046358408245056483,0.6073039167356459,0.0006743508007219833,0.0006753430482958036,0.0006660807778178774,0.0006837163348228305,0.18986913289356255,-0.08889334070131444,-0.08834197644865341,-0.09020010142657872,-0.08569717159517413,0.1926316798091445,1
T_3,2019-06-24 13:54:54,-0.5559782172084934,-0.8033487750042076,-0.8033483807914134,-0.8033437810017908,-0.803336252414806,-0.3972302789502815,-0.3277984353491063,-0.31661186141429964,-0.3118959831306201,-0.3449101144739031,-0.615545114841126,-0.9289151752897842,-0.928914592439672,-0.9289134728703383,-0.9289167312760462,-0.445688795170936,-0.40418348351801053,-0.4016706643018407,-0.39813199121973325,-0.4077464239985835,0.00013315760702360866,7.82035829600733e-06,7.093148647748169e-06,3.5500509006211944e-06,1.2685223552787387e-05,0.0037513590679273305,0.0008730356524714299,0.001032506318229211,0.0009322646521791534,0.00046358408245056483,-0.9084065403832169,-1.6030704259067552,-1.6031299009761144,-1.6034269099204175,-1.6026040265446555,-0.3669870009641124,-0.17855662009341874,-0.1776575700218189,-0.18058610578272583,-0.17268248439177886,0.243165927314066,1
T_4,2019-06-24 13:54:54,-0.5559782172084934,-0.8033487750042076,-0.8033483807914134,-0.8033437810017908,-0.803336252414806,-0.3972302789502815,-0.3277984353491063,-0.31661186141429964,-0.3118959831306201,-0.3449101144739031,-0.615545114841126,-0.9289151752897842,-0.928914592439672,-0.9289134728703383,-0.9289167312760462,-0.445688795170936,-0.40418348351801053,-0.4016706643018407,-0.39813199121973325,-0.4077464239985835,0.00013315760702360866,7.82035829600733e-06,7.093148647748169e-06,3.5500509006211944e-06,1.2685223552787387e-05,0.0037513590679273305,0.0008730356524714299,0.001032506318229211,0.0009322646521791534,0.00046358408245056483,0.0010197338881007966,0.0006743508007219833,0.0006753430482958036,0.0006660807778178774,0.0006837163348228305,0.004250421607670905,0.0007699386907898716,0.0009736171245120879,0.00018590292956838152,0.0012881412014305925,0.11356826576589502,1
T_2,2019-06-24 13:54:55,-0.5559782172084934,-0.8033487750042076,-0.8033483807914134,-0.8033437810017908,-0.803336252414806,-0.3972302789502815,-0.3277984353491063,-0.31661186141429964,-0.3118959831306201,-0.3449101144739031,0.5609973699526509,1.0241161638462661,1.024181246786443,1.0245501262723342,1.0235638203927935,-0.1731864156285453,-0.2833499525345384,-0.3110604119084129,-0.3060864495501972,-0.23169961523549737,0.00013315760702360866,7.82035829600733e-06,7.093148647748169e-06,3.5500509006211944e-06,1.2685223552787387e-05,0.0037513590679273305,0.0008730356524714299,0.001032506318229211,0.0009322646521791534,0.00046358408245056483,0.9104460081594186,1.6044191275081991,1.604480587072706,1.6047590714760533,1.603971459214301,0.25174203665552647,0.12032097788026229,0.09028921069767758,0.09057190728571549,0.17525876679464003,0.21534546256312365,1
T_3,2019-06-24 13:54:55,-0.5559782172084934,-0.8033487750042076,-0.8033483807914134,-0.8033437810017908,-0.803336252414806,-0.3972302789502815,-0.3277984353491063,-0.31661186141429964,-0.3118959831306201,-0.3449101144739031,-0.615545114841126,-0.9289151752897842,-0.928914592439672,-0.9289134728703383,-0.9289167312760462,-0.445688795170936,-0.40418348351801053,-0.4016706643018407,-0.39813199121973325,-0.4077464239985835,0.00013315760702360866,7.82035829600733e-06,7.093148647748169e-06,3.5500509006211944e-06,1.2685223552787387e-05,0.0037513590679273305,0.0008730356524714299,0.001032506318229211,0.0009322646521791534,0.00046358408245056483,-0.9084065403832169,-1.6030704259067552,-1.6031299009761144,-1.6034269099204175,-1.6026040265446555,-0.24324119344018463,-0.11878110049868254,-0.08834197644865341,-0.09020010142657872,-0.17268248439177886,0.22830622269316136,1
T_2,2019-06-24 13:54:56,-0.5559782172084934,-0.8033487750042076,-0.8033483807914134,-0.8033437810017908,-0.803336252414806,-0.3972302789502815,-0.3277984353491063,-0.31661186141429964,-0.3118959831306201,-0.3449101144739031,-0.2233642865765336,1.0241161638462661,1.024181246786443,1.0245501262723342,1.0235638203927935,-0.37756320028533835,-0.3135583352804064,-0.3110604119084129,-0.3060864495501972,-0.3197230196170404,0.00013315760702360866,7.82035829600733e-06,7.093148647748169e-06,3.5500509006211944e-06,1.2685223552787387e-05,0.0037513590679273305,0.0008730356524714299,0.001032506318229211,0.0009322646521791534,0.00046358408245056483,0.3041618253118734,1.6044191275081991,1.604480587072706,1.6047590714760533,1.603971459214301,0.06612332536963479,0.09043321808289419,0.09028921069767758,0.09057190728571549,0.08827345399803532,0.14313403588047557,1
T_3,2019-06-24 13:54:56,2.6784052154376745,1.1879237973950842,1.1879987253088382,1.1876216968398552,1.188101079477851,0.3576392212475956,-0.2157254718053036,-0.20445398380436702,-0.19909932514333398,-0.23886781166802748,0.9566691695500372,1.0284623582071315,1.0285275846831146,1.028579197959667,1.0282267135904397,-0.1731864156285453,-0.3135583352804064,-0.3110604119084129,-0.3060864495501972,-0.3197230196170404,2.4451532883629343,1.588032598623848,1.588042101729275,1.5879555181023632,1.5880721367041244,0.573723477451136,0.08714741252881478,0.08758501871875378,0.08809900963093,0.0809616486851165,0.9131444071495131,0.004243257435818086,0.004244384244833192,0.003974566103834607,0.0045126709964978876,0.18986913289356255,0.0007699386907898716,0.0009736171245120879,0.00018590292956838152,0.0012881412014305925,0.33621666612974505,1
T_4,2019-06-24 13:54:56,-0.5559782172084934,-0.8033487750042076,-0.8033483807914134,-0.8033437810017908,-0.803336252414806,-0.3972302789502815,-0.3277984353491063,-0.31661186141429964,-0.3118959831306201,-0.3449101144739031,-0.615545114841126,-0.9289151752897842,-0.928914592439672,-0.9289134728703383,-0.9289167312760462,-0.445688795170936,-0.40418348351801053,-0.4016706643018407,-0.39813199121973325,-0.4077464239985835,-2.4448869731488876,-1.5880169579072558,-1.5880279154319794,-1.5879484180005623,-1.588046766257019,-0.5662207593152814,-0.0854013412238719,-0.08552000608229535,-0.08623448032657169,-0.08003448052021536,-1.2142470307970838,-1.6066393325418513,-1.6066989421726516,-1.6067353952464343,-1.6064329812063305,-0.24324119344018463,-0.08889334070131444,-0.08834197644865341,-0.09020010142657872,-0.08569717159517413,0.28708169659331545,1
T_4,2019-06-24 13:54:57,2.6784052154376745,1.1879237973950842,1.1879987253088382,1.1876216968398552,1.188101079477851,0.3576392212475956,-0.2157254718053036,-0.20445398380436702,-0.19909932514333398,-0.23886781166802748,2.5288834539412,1.0284623582071315,1.0285275846831146,1.028579197959667,1.0282267135904397,0.09931596391384538,-0.3135583352804064,-0.3110604119084129,-0.3060864495501972,-0.3197230196170404,2.4451532883629343,1.588032598623848,1.588042101729275,1.5879555181023632,1.5880721367041244,0.573723477451136,0.08714741252881478,0.08758501871875378,0.08809900963093,0.0809616486851165,2.43155326325847,1.6079880341432953,1.6080496282692434,1.6080675568020701,1.607800413875976,0.499233651703382,0.09043321808289419,0.09028921069767758,0.09057190728571549,0.08827345399803532,0.2393038349793395,1
T_3,2019-06-24 13:54:58,-0.5559782172084934,-0.8033487750042076,-0.8033483807914134,-0.8033437810017908,-0.803336252414806,-0.3972302789502815,-0.3277984353491063,-0.31661186141429964,-0.3118959831306201,-0.3449101144739031,-0.615545114841126,-0.9289151752897842,-0.928914592439672,-0.9289134728703383,-0.9289167312760462,-0.445688795170936,-0.40418348351801053,-0.4016706643018407,-0.39813199121973325,-0.4077464239985835,-2.4448869731488876,-1.5880169579072558,-1.5880279154319794,-1.5879484180005623,-1.588046766257019,-0.5662207593152814,-0.0854013412238719,-0.08552000608229535,-0.08623448032657169,-0.08003448052021536,-2.4295137954822685,-1.6066393325418513,-1.6066989421726516,-1.6067353952464343,-1.6064329812063305,-0.49073280848804013,-0.08889334070131444,-0.08834197644865341,-0.09020010142657872,-0.08569717159517413,0.22266551978799662,1
T_5,2019-06-24 13:54:58,-0.5559782172084934,-0.8033487750042076,-0.8033483807914134,-0.8033437810017908,-0.803336252414806,-0.3972302789502815,-0.3277984353491063,-0.31661186141429964,-0.3118959831306201,-0.3449101144739031,1.3453590264818358,1.0241161638462661,1.024181246786443,1.0245501262723342,1.0235638203927935,-0.03693522585734997,-0.29543330563288556,-0.3110604119084129,-0.3060864495501972,-0.23169961523549737,0.00013315760702360866,7.82035829600733e-06,7.093148647748169e-06,3.5500509006211944e-06,1.2685223552787387e-05,0.0037513590679273305,0.0008730356524714299,0.001032506318229211,0.0009322646521791534,0.00046358408245056483,1.516730191006964,1.6044191275081991,1.604480587072706,1.6047590714760533,1.603971459214301,0.37548784417945424,0.10836587396131504,0.09028921069767758,0.09057190728571549,0.17525876679464003,0.17294465290833297,1
T_1,2019-06-24 13:54:59,-0.1505937312696993,1.193275372840086,1.1932962989121236,1.1949796127362264,1.1915576858252455,1.1125087214454727,1.465368981351737,1.4779141803446219,1.4928505446659581,1.3517667304201064,0.5609973699526509,1.0241161638462661,1.024181246786443,1.0245501262723342,1.0235638203927935,-0.241312010514143,-0.3135583352804064,-0.3110604119084129,-0.3060864495501972,-0.3197230196170404,0.30658205256861226,1.5923004394645324,1.5922667455981308,1.593824036245162,1.5908285861751257,1.1436955958343447,1.3812630656739646,1.3858727047266222,1.3956001843121928,1.2884326177251058,-0.6052644489594446,0.0006743508007219833,0.0006753430482958036,0.0006660807778178774,0.0006837163348228305,-0.18136828967822077,-0.017162717187630988,0.0009736171245120879,0.00018590292956838152,-0.08569717159517413,0.3546869450656027,1
T_2,2019-06-24 13:54:59,-0.5559782172084934,-0.8033487750042076,-0.8033483807914134,-0.8033437810017908,-0.803336252414806,-0.3972302789502815,-0.3277984353491063,-0.31661186141429964,-0.3118959831306201,-0.3449101144739031,-0.615545114841126,-0.9289151752897842,-0.928914592439672,-0.9289134728703383,-0.9289167312760462,-0.445688795170936,-0.40418348351801053,-0.4016706643018407,-0.39813199121973325,-0.4077464239985835,-0.306315737354565,-1.5922847987479403,-1.592252559300835,-1.593816936143361,-1.59080321572802,-1.13619287769849,-1.3795169943690218,-1.3838076920901636,-1.3937356550078344,-1.2875054495602045,-0.9084065403832169,-1.6030704259067552,-1.6031299009761144,-1.6034269099204175,-1.6026040265446555,-0.18136828967822077,-0.08889334070131444,-0.08834197644865341,-0.09020010142657872,-0.08569717159517413,0.1760270536681505,1
T_3,2019-06-24 13:54:59,-0.5559782172084934,-0.8033487750042076,-0.8033483807914134,-0.8033437810017908,-0.803336252414806,-0.3972302789502815,-0.3277984353491063,-0.31661186141429964,-0.3118959831306201,-0.3449101144739031,-0.615545114841126,-0.9289151752897842,-0.928914592439672,-0.9289134728703383,-0.9289167312760462,-0.445688795170936,-0.40418348351801053,-0.4016706643018407,-0.39813199121973325,-0.4077464239985835,0.00013315760702360866,7.82035829600733e-06,7.093148647748169e-06,3.5500509006211944e-06,1.2685223552787387e-05,0.0037513590679273305,0.0008730356524714299,0.001032506318229211,0.0009322646521791534,0.00046358408245056483,0.0010197338881007966,0.0006743508007219833,0.0006753430482958036,0.0006660807778178774,0.0006837163348228305,0.004250421607670905,0.0007699386907898716,0.0009736171245120879,0.00018590292956838152,0.0012881412014305925,0.11356826576589502,1
T_4,2019-06-24 13:54:59,-0.5559782172084934,-0.8033487750042076,-0.8033483807914134,-0.8033437810017908,-0.803336252414806,-0.3972302789502815,-0.3277984353491063,-0.31661186141429964,-0.3118959831306201,-0.3449101144739031,-0.615545114841126,-0.9289151752897842,-0.928914592439672,-0.9289134728703383,-0.9289167312760462,-0.445688795170936,-0.40418348351801053,-0.4016706643018407,-0.39813199121973325,-0.4077464239985835,0.00013315760702360866,7.82035829600733e-06,7.093148647748169e-06,3.5500509006211944e-06,1.2685223552787387e-05,0.0037513590679273305,0.0008730356524714299,0.001032506318229211,0.0009322646521791534,0.00046358408245056483,0.0010197338881007966,0.0006743508007219833,0.0006753430482958036,0.0006660807778178774,0.0006837163348228305,0.004250421607670905,0.0007699386907898716,0.0009736171245120879,0.00018590292956838152,0.0012881412014305925,0.11356826576589502,1
T_2,2019-06-24 13:55:00,-0.5559782172084934,-0.8033487750042076,-0.8033483807914134,-0.8033437810017908,-0.803336252414806,-0.3972302789502815,-0.3277984353491063,-0.31661186141429964,-0.3118959831306201,-0.3449101144739031,0.5609973699526509,1.0241161638462661,1.024181246786443,1.0245501262723342,1.0235638203927935,-0.3094376053997407,-0.34376671802627445,-0.3110604119084129,-0.39813199121973325,-0.3197230196170404,0.00013315760702360866,7.82035829600733e-06,7.093148647748169e-06,3.5500509006211944e-06,1.2685223552787387e-05,0.0037513590679273305,0.0008730356524714299,0.001032506318229211,0.0009322646521791534,0.00046358408245056483,0.9104460081594186,1.6044191275081991,1.604480587072706,1.6047590714760533,1.603971459214301,0.12799622913159867,0.06054545828552608,0.09028921069767758,0.00018590292956838152,0.08827345399803532,0.17960882169356196,1
T_3,2019-06-24 13:55:00,1.0612134991145905,1.1879237973950842,1.1879987253088382,1.1876216968398552,1.188101079477851,-0.019795528851342954,-0.2157254718053036,-0.20445398380436702,-0.19909932514333398,-0.23886781166802748,0.17047688171219233,1.0282503487261132,1.0283155682003495,1.028579197959667,1.0278028142088351,-0.3094376053997407,-0.3135583352804064,-0.3110604119084129,-0.3060864495501972,-0.3197230196170404,1.222643222984979,1.588032598623848,1.588042101729275,1.5879555181023632,1.5880721367041244,0.2887374182595317,0.08714741252881478,0.08758501871875378,0.08809900963093,0.0809616486851165,-0.3008389726501391,0.0040691644292277064,0.004070284674270066,0.003974566103834607,0.004164584209072725,0.004250421607670905,0.030657698488157976,0.0009736171245120879,0.09057190728571549,0.0012881412014305925,0.4613025444466548,1
T_4,2019-06-24 13:55:00,-0.5559782172084934,-0.8033487750042076,-0.8033483807914134,-0.8033437810017908,-0.803336252414806,-0.3972302789502815,-0.3277984353491063,-0.31661186141429964,-0.3118959831306201,-0.3449101144739031,-0.615545114841126,-0.9289151752897842,-0.928914592439672,-0.9289134728703383,-0.9289167312760462,-0.445688795170936,-0.40418348351801053,-0.4016706643018407,-0.39813199121973325,-0.4077464239985835,-1.2223769077709319,-1.5880169579072558,-1.5880279154319794,-1.5879484180005623,-1.588046766257019,-0.281234700123677,-0.0854013412238719,-0.08552000608229535,-0.08623448032657169,-0.08003448052021536,-0.6065478338449771,-1.606465239535261,-1.6065248426020886,-1.6067353952464343,-1.6060848944189052,-0.11949538591625686,-0.08889334070131444,-0.08834197644865341,-0.09020010142657872,-0.08569717159517413,0.22294257960781316,1
T_3,2019-06-24 13:55:01,1.0612134991145905,1.1879237973950842,1.1879987253088382,1.1876216968398552,1.188101079477851,-0.019795528851342954,-0.2157254718053036,-0.20445398380436702,-0.19909932514333398,-0.23886781166802748,1.7428614573878822,1.0285330280341374,1.0286335929244965,1.028579197959667,1.0282267135904397,-0.03693522585734997,-0.3135583352804064,-0.3110604119084129,-0.3060864495501972,-0.3197230196170404,1.222643222984979,1.588032598623848,1.588042101729275,1.5879555181023632,1.5880721367041244,0.2887374182595317,0.08714741252881478,0.08758501871875378,0.08809900963093,0.0809616486851165,1.8239856955253928,1.608046065145492,1.6081366780545245,1.6080675568020701,1.607800413875976,0.37548784417945424,0.09043321808289419,0.09028921069767758,0.09057190728571549,0.08827345399803532,0.2572139156429069,1
T_4,2019-06-24 13:55:01,1.0612134991145905,1.1879237973950842,1.1879987253088382,1.1876216968398552,1.188101079477851,-0.019795528851342954,-0.2157254718053036,-0.20445398380436702,-0.19909932514333398,-0.23886781166802748,0.563551739220549,1.0283563534666225,1.0284215764417322,1.028579197959667,1.0280147638996375,-0.241312010514143,-0.3135583352804064,-0.3110604119084129,-0.3060864495501972,-0.3197230196170404,0.00013315760702360866,7.82035829600733e-06,7.093148647748169e-06,3.5500509006211944e-06,1.2685223552787387e-05,0.0037513590679273305,0.0008730356524714299,0.001032506318229211,0.0009322646521791534,0.00046358408245056483,-0.9105455151924383,0.0005292732952301651,0.0005012434777329257,0.0006660807778178774,0.0005096729411102493,-0.18136828967822077,0.0007699386907898716,0.0009736171245120879,0.00018590292956838152,0.0012881412014305925,0.5246051094725434,1
T_3,2019-06-24 13:55:02,-0.5559782172084934,-0.8033487750042076,-0.8033483807914134,-0.8033437810017908,-0.803336252414806,-0.3972302789502815,-0.3277984353491063,-0.31661186141429964,-0.3118959831306201,-0.3449101144739031,-0.615545114841126,-0.9289151752897842,-0.928914592439672,-0.9289134728703383,-0.9289167312760462,-0.445688795170936,-0.40418348351801053,-0.4016706643018407,-0.39813199121973325,-0.4077464239985835,-1.2223769077709319,-1.5880169579072558,-1.5880279154319794,-1.5879484180005623,-1.588046766257019,-0.281234700123677,-0.0854013412238719,-0.08552000608229535,-0.08623448032657169,-0.08003448052021536,-0.9103809786686519,-1.6065522860385562,-1.6066118923873702,-1.6067353952464343,-1.606258937812618,-0.18136828967822077,-0.08889334070131444,-0.08834197644865341,-0.09020010142657872,-0.08569717159517413,0.2839402061842902,1
T_4,2019-06-24 13:55:02,-0.5559782172084934,-0.8033487750042076,-0.8033483807914134,-0.8033437810017908,-0.803336252414806,-0.3972302789502815,-0.3277984353491063,-0.31661186141429964,-0.3118959831306201,-0.3449101144739031,1.3497865998795258,1.0285259610514368,1.0286335929244965,1.028579197959667,1.0282267135904397,-0.10506082074294765,-0.3135583352804064,-0.3110604119084129,-0.3060864495501972,-0.3197230196170404,0.00013315760702360866,7.82035829600733e-06,7.093148647748169e-06,3.5500509006211944e-06,1.2685223552787387e-05,0.0037513590679273305,0.0008730356524714299,0.001032506318229211,0.0009322646521791534,0.00046358408245056483,1.520152550701718,1.6080402620452723,1.6081366780545245,1.6080675568020701,1.607800413875976,0.31361494041749033,0.09043321808289419,0.09028921069767758,0.09057190728571549,0.08827345399803532,0.1558021438800889,1
T_5,2019-06-24 13:55:02,-0.5559782172084934,-0.8033487750042076,-0.8033483807914134,-0.8033437810017908,-0.803336252414806,-0.3972302789502815,-0.3277984353491063,-0.31661186141429964,-0.3118959831306201,-0.3449101144739031,0.5609973699526509,1.0241161638462661,1.024181246786443,1.0245501262723342,1.0235638203927935,-0.241312010514143,-0.3135583352804064,-0.3110604119084129,-0.3060864495501972,-0.3197230196170404,0.00013315760702360866,7.82035829600733e-06,7.093148647748169e-06,3.5500509006211944e-06,1.2685223552787387e-05,0.0037513590679273305,0.0008730356524714299,0.001032506318229211,0.0009322646521791534,0.00046358408245056483,-0.6086868086541986,-0.0029467837363511343,-0.0029807479335228998,-0.0026424045481988523,-0.0031452383268522266,-0.11949538591625686,0.0007699386907898716,0.0009736171245120879,0.00018590292956838152,0.0012881412014305925,0.2956289825448302,1
T_4,2019-06-24 13:55:03,-0.5559782172084934,-0.8033487750042076,-0.8033483807914134,-0.8033437810017908,-0.803336252414806,-0.3972302789502815,-0.3277984353491063,-0.31661186141429964,-0.3118959831306201,-0.3449101144739031,0.17005115350087616,1.0271903013210246,1.0272554857865277,1.027518915936685,1.026743065754825,3.164967733765741,1.9973829447784992,1.999501024123996,1.995052092188204,1.9688854943030796,0.00013315760702360866,7.82035829600733e-06,7.093148647748169e-06,3.5500509006211944e-06,1.2685223552787387e-05,0.0037513590679273305,0.0008730356524714299,0.001032506318229211,0.0009322646521791534,0.00046358408245056483,-0.30116804569771144,0.0031986993962777872,0.0031997868214564194,0.0031039120706725966,0.003294367240510561,3.097895609705865,2.28718356318945,2.278521253240232,2.259836011833246,2.2629062739131536,0.16123062424973283,1
T_5,2019-06-24 13:55:03,-0.5559782172084934,-0.8033487750042076,-0.8033483807914134,-0.8033437810017908,-0.803336252414806,-0.3972302789502815,-0.3277984353491063,-0.31661186141429964,-0.3118959831306201,-0.3449101144739031,0.5616359622696255,1.0251762112513554,1.024181246786443,1.0245501262723342,1.026743065754825,2.0068326207105804,0.6833182953332391,-0.4016706643018407,-0.39813199121973325,2.761096133736967,0.00013315760702360866,7.82035829600733e-06,7.093148647748169e-06,3.5500509006211944e-06,1.2685223552787387e-05,0.0037513590679273305,0.0008730356524714299,0.001032506318229211,0.0009322646521791534,0.00046358408245056483,0.30370112304527186,-0.000979532761883407,-0.0018491007248648123,-0.0017717505150368416,0.0006837163348228305,-1.0475889423457152,-1.2993476124947227,-2.3658896125643736,-2.3498502103302563,0.7841559563708731,0.11342740327544609,1
T_7,2019-06-24 13:55:03,-0.5559782172084934,-0.8033487750042076,-0.8033483807914134,-0.8033437810017908,-0.803336252414806,-0.3972302789502815,-0.3277984353491063,-0.31661186141429964,-0.3118959831306201,-0.3449101144739031,0.5616359622696255,1.0251762112513554,1.024181246786443,1.0245501262723342,1.026743065754825,2.0068326207105804,0.6833182953332391,-0.4016706643018407,-0.39813199121973325,2.761096133736967,0.00013315760702360866,7.82035829600733e-06,7.093148647748169e-06,3.5500509006211944e-06,1.2685223552787387e-05,0.0037513590679273305,0.0008730356524714299,0.001032506318229211,0.0009322646521791534,0.00046358408245056483,0.9109396177307774,1.6052895925411497,1.604480587072706,1.6047590714760533,1.6065821101199889,2.2316749570383707,1.0767292913960418,0.0009736171245120879,0.00018590292956838152,3.1327594018792007,0.05380409784263108,-1
T_8,2019-06-24 13:55:03,-0.5559782172084934,-0.8033487750042076,-0.8033483807914134,-0.8033437810017908,-0.803336252414806,-0.3972302789502815,-0.3277984353491063,-0.31661186141429964,-0.3118959831306201,-0.3449101144739031,0.5616359622696255,1.0251762112513554,1.024181246786443,1.0245501262723342,1.026743065754825,2.0068326207105804,0.6833182953332391,-0.4016706643018407,-0.39813199121973325,2.761096133736967,0.00013315760702360866,7.82035829600733e-06,7.093148647748169e-06,3.5500509006211944e-06,1.2685223552787387e-05,0.0037513590679273305,0.0008730356524714299,0.001032506318229211,0.0009322646521791534,0.00046358408245056483,0.0010197338881007966,0.0006743508007219833,0.0006753430482958036,0.0006660807778178774,0.0006837163348228305,0.004250421607670905,0.0007699386907898716,0.0009736171245120879,0.00018590292956838152,0.0012881412014305925,0.017120667480635378,-1
T_4,2019-06-24 13:55:04,-0.5559782172084934,-0.8033487750042076,-0.8033483807914134,-0.8033437810017908,-0.803336252414806,-0.3972302789502815,-0.3277984353491063,-0.31661186141429964,-0.3118959831306201,-0.3449101144739031,-0.2227682670806907,1.0270842965805158,1.0271494775451455,1.027518915936685,1.026531116064023,1.5980790513969942,2.3145709636101137,2.3166369075009934,2.363234258866348,2.232955707447709,0.00013315760702360866,7.82035829600733e-06,7.093148647748169e-06,3.5500509006211944e-06,1.2685223552787387e-05,0.0037513590679273305,0.0008730356524714299,0.001032506318229211,0.0009322646521791534,0.00046358408245056483,-0.6052973562642017,0.002241187860032431,0.0031127370361751045,0.0031039120706725966,0.0005096729411102493,-0.3669870009641124,1.6147089677486675,2.680441424319477,2.7117660336139813,-0.5206237355781979,0.11340729250487536,1
T_7,2019-06-24 13:55:04,-0.5559782172084934,-0.8033487750042076,-0.8033483807914134,-0.8033437810017908,-0.803336252414806,-0.3972302789502815,-0.3277984353491063,-0.31661186141429964,-0.3118959831306201,-0.3449101144739031,-0.2227682670806907,1.0270842965805158,1.0271494775451455,1.027518915936685,1.026531116064023,1.5980790513969942,2.3145709636101137,2.3166369075009934,2.363234258866348,2.232955707447709,0.00013315760702360866,7.82035829600733e-06,7.093148647748169e-06,3.5500509006211944e-06,1.2685223552787387e-05,0.0037513590679273305,0.0008730356524714299,0.001032506318229211,0.0009322646521791534,0.00046358408245056483,-0.6052973562642017,0.002241187860032431,0.0031127370361751045,0.0031039120706725966,0.0005096729411102493,-0.3669870009641124,1.6147089677486675,2.680441424319477,2.7117660336139813,-0.5206237355781979,0.11340729250487536,-1
T_8,2019-06-24 13:55:04,-0.5559782172084934,-0.8033487750042076,-0.8033483807914134,-0.8033437810017908,-0.803336252414806,-0.3972302789502815,-0.3277984353491063,-0.31661186141429964,-0.3118959831306201,-0.3449101144739031,-0.2227682670806907,1.0270842965805158,1.0271494775451455,1.027518915936685,1.026531116064023,1.5980790513969942,2.3145709636101137,2.3166369075009934,2.363234258866348,2.232955707447709,0.00013315760702360866,7.82035829600733e-06,7.093148647748169e-06,3.5500509006211944e-06,1.2685223552787387e-05,0.0037513590679273305,0.0008730356524714299,0.001032506318229211,0.0009322646521791534,0.00046358408245056483,0.0010197338881007966,0.0006743508007219833,0.0006753430482958036,0.0006660807778178774,0.0006837163348228305,0.004250421607670905,0.0007699386907898716,0.0009736171245120879,0.00018590292956838152,0.0012881412014305925,0.2519950784885917,-1
T_2,2019-06-24 13:55:05,-0.5559782172084934,-0.8033487750042076,-0.8033483807914134,-0.8033437810017908,-0.803336252414806,-0.3972302789502815,-0.3277984353491063,-0.31661186141429964,-0.3118959831306201,-0.3449101144739031,-0.2227682670806907,1.0270842965805158,1.0271494775451455,1.027518915936685,1.026531116064023,1.7343302411681896,2.495821260085322,2.497857412287849,2.5473253422054203,2.409002516210795,0.00013315760702360866,7.82035829600733e-06,7.093148647748169e-06,3.5500509006211944e-06,1.2685223552787387e-05,0.0037513590679273305,0.0008730356524714299,0.001032506318229211,0.0009322646521791534,0.00046358408245056483,0.0010197338881007966,0.0006743508007219833,0.0006753430482958036,0.0006660807778178774,0.0006837163348228305,0.12799622913159867,0.18009649747499848,0.1796048042708431,0.18095791164186256,0.17525876679464003,0.2255170289660379,1
T_7,2019-06-24 13:55:05,-0.5559782172084934,-0.8033487750042076,-0.8033483807914134,-0.8033437810017908,-0.803336252414806,-0.3972302789502815,-0.3277984353491063,-0.31661186141429964,-0.3118959831306201,-0.3449101144739031,-0.2227682670806907,1.0270842965805158,1.0271494775451455,1.027518915936685,1.026531116064023,1.7343302411681896,2.495821260085322,2.497857412287849,2.5473253422054203,2.409002516210795,0.00013315760702360866,7.82035829600733e-06,7.093148647748169e-06,3.5500509006211944e-06,1.2685223552787387e-05,0.0037513590679273305,0.0008730356524714299,0.001032506318229211,0.0009322646521791534,0.00046358408245056483,0.0010197338881007966,0.0006743508007219833,0.0006753430482958036,0.0006660807778178774,0.0006837163348228305,0.12799622913159867,0.18009649747499848,0.1796048042708431,0.18095791164186256,0.17525876679464003,0.2255170289660379,-1
T_8,2019-06-24 13:55:05,-0.5559782172084934,-0.8033487750042076,-0.8033483807914134,-0.8033437810017908,-0.803336252414806,-0.3972302789502815,-0.3277984353491063,-0.31661186141429964,-0.3118959831306201,-0.3449101144739031,-0.2227682670806907,1.0270842965805158,1.0271494775451455,1.027518915936685,1.026531116064023,1.7343302411681896,2.495821260085322,2.497857412287849,2.5473253422054203,2.409002516210795,0.00013315760702360866,7.82035829600733e-06,7.093148647748169e-06,3.5500509006211944e-06,1.2685223552787387e-05,0.0037513590679273305,0.0008730356524714299,0.001032506318229211,0.0009322646521791534,0.00046358408245056483,0.0010197338881007966,0.0006743508007219833,0.0006753430482958036,0.0006660807778178774,0.0006837163348228305,0.004250421607670905,0.0007699386907898716,0.0009736171245120879,0.00018590292956838152,0.0012881412014305925,0.20778976194806636,-1
T_2,2019-06-24 13:55:06,-0.5559782172084934,-0.8033487750042076,-0.8033483807914134,-0.8033437810017908,-0.803336252414806,-0.3972302789502815,-0.3277984353491063,-0.31661186141429964,-0.3118959831306201,-0.3449101144739031,-0.2227682670806907,1.0270842965805158,1.0271494775451455,1.027518915936685,1.026531116064023,1.3937022667402013,2.0426955188973013,2.04480615032071,2.08709763385774,1.9688854943030796,0.00013315760702360866,7.82035829600733e-06,7.093148647748169e-06,3.5500509006211944e-06,1.2685223552787387e-05,0.0037513590679273305,0.0008730356524714299,0.001032506318229211,0.0009322646521791534,0.00046358408245056483,0.0010197338881007966,0.0006743508007219833,0.0006753430482958036,0.0006660807778178774,0.0006837163348228305,-0.3051140972021485,-0.44754645826973166,-0.44560435074131544,-0.4517441188511671,-0.4336384227815931,0.20675460799840362,1
T_4,2019-06-24 13:55:06,-0.5559782172084934,-0.8033487750042076,-0.8033483807914134,-0.8033437810017908,-0.803336252414806,-0.3972302789502815,-0.3277984353491063,-0.31661186141429964,-0.3118959831306201,-0.3449101144739031,-0.615545114841126,-0.9289151752897842,-0.928914592439672,-0.9289134728703383,-0.9289167312760462,-0.445688795170936,-0.40418348351801053,-0.4016706643018407,-0.39813199121973325,-0.4077464239985835,0.00013315760702360866,7.82035829600733e-06,7.093148647748169e-06,3.5500509006211944e-06,1.2685223552787387e-05,0.0037513590679273305,0.0008730356524714299,0.001032506318229211,0.0009322646521791534,0.00046358408245056483,-0.30258305980227335,-1.605507727999016,-1.6055672949639936,-1.6058647412132723,-1.6050406340566306,-1.666317979965354,-2.4201386048960267,-2.4105474093509565,-2.4402362146864034,-2.347315304306897,0.15107428704433254,1
T_5,2019-06-24 13:55:06,-0.5559782172084934,-0.8033487750042076,-0.8033483807914134,-0.8033437810017908,-0.803336252414806,-0.3972302789502815,-0.3277984353491063,-0.31661186141429964,-0.3118959831306201,-0.3449101144739031,-0.2227682670806907,1.0270842965805158,1.0271494775451455,1.027518915936685,1.026531116064023,1.257451076969006,1.861445222422093,1.8635856455338544,1.903006550518668,1.7928386855399934,0.00013315760702360866,7.82035829600733e-06,7.093148647748169e-06,3.5500509006211944e-06,1.2685223552787387e-05,0.0037513590679273305,0.0008730356524714299,0.001032506318229211,0.0009322646521791534,0.00046358408245056483,0.3046225275784749,1.6068564296004602,1.6069179810605851,1.6071969027689081,1.6064080667262763,1.551073015656768,2.2423519234933975,2.2338634564536495,2.259836011833246,2.175920961116549,0.13181561811319517,1
T_7,2019-06-24 13:55:06,-0.5559782172084934,-0.8033487750042076,-0.8033483807914134,-0.8033437810017908,-0.803336252414806,-0.3972302789502815,-0.3277984353491063,-0.31661186141429964,-0.3118959831306201,-0.3449101144739031,-0.2227682670806907,1.0270842965805158,1.0271494775451455,1.027518915936685,1.026531116064023,1.257451076969006,1.861445222422093,1.8635856455338544,1.903006550518668,1.7928386855399934,0.00013315760702360866,7.82035829600733e-06,7.093148647748169e-06,3.5500509006211944e-06,1.2685223552787387e-05,0.0037513590679273305,0.0008730356524714299,0.001032506318229211,0.0009322646521791534,0.00046358408245056483,0.0010197338881007966,0.0006743508007219833,0.0006753430482958036,0.0006660807778178774,0.0006837163348228305,-0.42885990472607627,-0.6268730170539403,-0.6242355378876464,-0.6325161275634613,-0.6076090483748026,0.17465339722523607,-1
T_1,2019-06-24 13:55:07,-0.15068153384408506,1.1928429222990755,1.1928638439241002,1.1945467941540866,1.191125610031821,1.2068674089702074,1.57744194489554,1.5900720579545544,1.6056472026532442,1.457809033225982,0.5609973699526509,1.0241161638462661,1.024181246786443,1.0245501262723342,1.0235638203927935,-0.445688795170936,-0.40418348351801053,-0.4016706643018407,-0.39813199121973325,-0.4077464239985835,0.3065156785389476,1.5919555634370022,1.591921876710877,1.5934788292955853,1.5904840299912504,1.2149421106322458,1.467537442550308,1.4724252171271466,1.4827669292909436,1.3689306823277716,0.6068432144690443,-0.0017629512915388783,-0.001762050939583497,-0.0017717505150368416,-0.0017528911771523183,-1.5425721724414263,-2.240812046111818,-2.2319162222046254,-2.2594642059741092,-2.1733446787136876,0.2372709716708929,1
T_2,2019-06-24 13:55:07,-0.15068153384408506,1.1928429222990755,1.1928638439241002,1.1945467941540866,1.191125610031821,1.018150033920738,1.3532960178079343,1.3657563027346893,1.380053886678672,1.245724427614231,-0.2233642865765336,1.0241161638462661,1.024181246786443,1.0245501262723342,1.0235638203927935,-0.445688795170936,-0.40418348351801053,-0.4016706643018407,-0.39813199121973325,-0.4077464239985835,0.00013315760702360866,7.82035829600733e-06,7.093148647748169e-06,3.5500509006211944e-06,1.2685223552787387e-05,-0.13874167052787487,-0.17167571810021523,-0.1720725184828199,-0.17340122530532254,-0.16053254512288131,-0.6052644489594443,0.0006743508007219833,0.0006753430482958036,0.0006660807778178774,0.0006837163348228305,0.004250421607670905,0.0007699386907898716,0.0009736171245120879,0.00018590292956838152,0.0012881412014305925,0.2098052026821157,1
T_2,2019-06-24 13:55:08,-0.5559782172084934,-0.8033487750042076,-0.8033483807914134,-0.8033437810017908,-0.803336252414806,-0.3972302789502815,-0.3277984353491063,-0.31661186141429964,-0.3118959831306201,-0.3449101144739031,0.16881654168805874,1.0241161638462661,1.024181246786443,1.0245501262723342,1.0235638203927935,-0.445688795170936,-0.40418348351801053,-0.4016706643018407,-0.39813199121973325,-0.4077464239985835,-0.3062493633249004,-1.59193992272041,-1.5919076904135814,-1.5934717291937843,-1.5904586595441448,-1.064946362900589,-1.2932426174926785,-1.2972551796896392,-1.3065689100290836,-1.2070073849575385,0.3041618253118734,0.0006743508007219833,0.0006753430482958036,0.0006660807778178774,0.0006837163348228305,0.004250421607670905,0.0007699386907898716,0.0009736171245120879,0.00018590292956838152,0.0012881412014305925,0.13899049432482677,1
T_3,2019-06-24 13:55:08,2.6784052154376745,1.1879237973950842,1.1879987253088382,1.1876216968398552,1.188101079477851,0.3576392212475956,-0.2157254718053036,-0.20445398380436702,-0.19909932514333398,-0.23886781166802748,-0.615545114841126,-0.9289151752897842,-0.928914592439672,-0.9289134728703383,-0.9289167312760462,-0.445688795170936,-0.40418348351801053,-0.4016706643018407,-0.39813199121973325,-0.4077464239985835,2.4451532883629343,1.588032598623848,1.588042101729275,1.5879555181023632,1.5880721367041244,0.573723477451136,0.08714741252881478,0.08758501871875378,0.08809900963093,0.0809616486851165,-0.6052644489594444,-1.6030704259067552,-1.6031299009761144,-1.6034269099204175,-1.6026040265446555,0.004250421607670905,0.0007699386907898716,0.0009736171245120879,0.00018590292956838152,0.0012881412014305925,0.11422426955670252,1
T_4,2019-06-24 13:55:08,-0.5559782172084934,-0.8033487750042076,-0.8033483807914134,-0.8033437810017908,-0.803336252414806,-0.3972302789502815,-0.3277984353491063,-0.31661186141429964,-0.3118959831306201,-0.3449101144739031,0.17005115350087616,1.0271903013210246,1.0272554857865277,1.027518915936685,1.026743065754825,-0.3094376053997407,-0.3135583352804064,-0.3110604119084129,-0.3060864495501972,-0.3197230196170404,-2.4448869731488876,-1.5880169579072558,-1.5880279154319794,-1.5879484180005623,-1.588046766257019,-0.5662207593152814,-0.0854013412238719,-0.08552000608229535,-0.08623448032657169,-0.08003448052021536,0.6082582285736062,1.606943476103755,1.6070050308458665,1.6071969027689081,1.6065821101199889,0.12799622913159867,0.09043321808289419,0.09028921069767758,0.09057190728571549,0.08827345399803532,0.3333882646093654,1
T_2,2019-06-24 13:55:09,-0.5559782172084934,-0.8033487750042076,-0.8033483807914134,-0.8033437810017908,-0.803336252414806,-0.3972302789502815,-0.3277984353491063,-0.31661186141429964,-0.3118959831306201,-0.3449101144739031,-0.615545114841126,-0.9289151752897842,-0.928914592439672,-0.9289134728703383,-0.9289167312760462,-0.445688795170936,-0.40418348351801053,-0.4016706643018407,-0.39813199121973325,-0.4077464239985835,0.00013315760702360866,7.82035829600733e-06,7.093148647748169e-06,3.5500509006211944e-06,1.2685223552787387e-05,0.0037513590679273305,0.0008730356524714299,0.001032506318229211,0.0009322646521791534,0.00046358408245056483,-0.6062187607974048,-1.605594774502311,-1.605654344749275,-1.6058647412132723,-1.605214677450343,-0.11949538591625686,-0.08889334070131444,-0.08834197644865341,-0.09020010142657872,-0.08569717159517413,0.17489858707775863,1
T_4,2019-06-24 13:55:09,2.6784052154376745,1.1879237973950842,1.1879987253088382,1.1876216968398552,1.188101079477851,0.3576392212475956,-0.2157254718053036,-0.20445398380436702,-0.19909932514333398,-0.23886781166802748,0.17047688171219233,1.0282503487261132,1.0283155682003495,1.028579197959667,1.0278028142088351,-0.3094376053997407,-0.3135583352804064,-0.3110604119084129,-0.3060864495501972,-0.3197230196170404,2.4451532883629343,1.588032598623848,1.588042101729275,1.5879555181023632,1.5880721367041244,0.573723477451136,0.08714741252881478,0.08758501871875378,0.08809900963093,0.0809616486851165,0.6085873016211786,1.607813941136705,1.6078755286986801,1.6080675568020701,1.607452327088551,0.12799622913159867,0.09043321808289419,0.09028921069767758,0.09057190728571549,0.08827345399803532,0.1741925986782233,1
T_5,2019-06-24 13:55:09,-0.15068153384408506,1.1928429222990755,1.1928638439241002,1.1945467941540866,1.191125610031821,0.9237913463960035,1.2412230542641316,1.2535984251247567,1.267257228691386,1.1396821248083553,-0.2233642865765336,1.0241161638462661,1.024181246786443,1.0245501262723342,1.0235638203927935,-0.37756320028533835,-0.3135583352804064,-0.3110604119084129,-0.3060864495501972,-0.3197230196170404,-2.1385044522169636,0.003930785171450178,0.003886868130249704,0.005526861244122738,0.002424578510678611,0.4312304478553339,1.1224399350449348,1.1262151675250485,1.13409994937594,1.0469384239171078,-0.30340574242120444,-0.00272046282778374,-0.0027195985776784595,-0.0026424045481988523,-0.0027971515394270637,-0.05762248215429298,0.0007699386907898716,0.0009736171245120879,0.00018590292956838152,0.0012881412014305925,0.345947634408482,1
T_2,2019-06-24 13:55:10,-0.5559782172084934,-0.8033487750042076,-0.8033483807914134,-0.8033437810017908,-0.803336252414806,-0.3972302789502815,-0.3277984353491063,-0.31661186141429964,-0.3118959831306201,-0.3449101144739031,-0.615545114841126,-0.9289151752897842,-0.928914592439672,-0.9289134728703383,-0.9289167312760462,-0.445688795170936,-0.40418348351801053,-0.4016706643018407,-0.39813199121973325,-0.4077464239985835,-0.3062493633249004,-1.59193992272041,-1.5919076904135814,-1.5934717291937843,-1.5904586595441448,-0.9936998481026879,-1.2069682406163351,-1.2107026672891146,-1.2194021650503328,-1.1265093203548726,-0.3021223575356718,-1.6030704259067552,-1.6031299009761144,-1.6034269099204175,-1.6026040265446555,-0.05762248215429298,-0.08889334070131444,-0.08834197644865341,-0.09020010142657872,-0.08569717159517413,0.12853213950074904,1
T_3,2019-06-24 13:55:10,-0.5559782172084934,-0.8033487750042076,-0.8033483807914134,-0.8033437810017908,-0.803336252414806,-0.3972302789502815,-0.3277984353491063,-0.31661186141429964,-0.3118959831306201,-0.3449101144739031,-0.615545114841126,-0.9289151752897842,-0.928914592439672,-0.9289134728703383,-0.9289167312760462,-0.445688795170936,-0.40418348351801053,-0.4016706643018407,-0.39813199121973325,-0.4077464239985835,0.00013315760702360866,7.82035829600733e-06,7.093148647748169e-06,3.5500509006211944e-06,1.2685223552787387e-05,0.0037513590679273305,0.0008730356524714299,0.001032506318229211,0.0009322646521791534,0.00046358408245056483,0.0010197338881007966,0.0006743508007219833,0.0006753430482958036,0.0006660807778178774,0.0006837163348228305,0.004250421607670905,0.0007699386907898716,0.0009736171245120879,0.00018590292956838152,0.0012881412014305925,0.11356826576589502,1
T_4,2019-06-24 13:55:10,-0.5559782172084934,-0.8033487750042076,-0.8033483807914134,-0.8033437810017908,-0.803336252414806,-0.3972302789502815,-0.3277984353491063,-0.31661186141429964,-0.3118959831306201,-0.3449101144739031,-0.615545114841126,-0.9289151752897842,-0.928914592439672,-0.9289134728703383,-0.9289167312760462,-0.445688795170936,-0.40418348351801053,-0.4016706643018407,-0.39813199121973325,-0.4077464239985835,0.00013315760702360866,7.82035829600733e-06,7.093148647748169e-06,3.5500509006211944e-06,1.2685223552787387e-05,0.0037513590679273305,0.0008730356524714299,0.001032506318229211,0.0009322646521791534,0.00046358408245056483,0.0010197338881007966,0.0006743508007219833,0.0006753430482958036,0.0006660807778178774,0.0006837163348228305,0.004250421607670905,0.0007699386907898716,0.0009736171245120879,0.00018590292956838152,0.0012881412014305925,0.11356826576589502,1
T_5,2019-06-24 13:55:10,-0.15068153384408506,1.1928429222990755,1.1928638439241002,1.1945467941540866,1.191125610031821,0.8294326588712688,1.129150090720329,1.1414405475148242,1.1544605707040998,1.0336398220024796,0.16881654168805874,1.0241161638462661,1.024181246786443,1.0245501262723342,1.0235638203927935,-0.3094376053997407,-0.3135583352804064,-0.3110604119084129,-0.3060864495501972,-0.3197230196170404,0.3065156785389476,1.5919555634370022,1.591921876710877,1.5934788292955853,1.5904840299912504,0.9299560514406415,1.1224399350449348,1.1262151675250485,1.13409994937594,1.0469384239171078,0.607303916735646,1.6044191275081991,1.604480587072706,1.6047590714760533,1.603971459214301,0.12799622913159867,0.09043321808289419,0.09028921069767758,0.09057190728571549,0.08827345399803532,0.18348685221837874,1
T_7,2019-06-24 13:55:10,-0.15068153384408506,1.1928429222990755,1.1928638439241002,1.1945467941540866,1.191125610031821,0.8294326588712688,1.129150090720329,1.1414405475148242,1.1544605707040998,1.0336398220024796,0.16881654168805874,1.0241161638462661,1.024181246786443,1.0245501262723342,1.0235638203927935,-0.3094376053997407,-0.3135583352804064,-0.3110604119084129,-0.3060864495501972,-0.3197230196170404,0.3065156785389476,1.5919555634370022,1.591921876710877,1.5934788292955853,1.5904840299912504,0.9299560514406415,1.1224399350449348,1.1262151675250485,1.13409994937594,1.0469384239171078,0.30370112304527186,-0.0017629512915388783,-0.001762050939583497,-0.0017717505150368416,-0.0017528911771523183,-1.4188263649174986,-2.151148766719714,-2.14260062863146,-2.169078201617962,-2.0863593659170827,0.1256808183587,-1
T_4,2019-06-24 13:55:11,-0.5559782172084934,-0.8033487750042076,-0.8033483807914134,-0.8033437810017908,-0.803336252414806,-0.3972302789502815,-0.3277984353491063,-0.31661186141429964,-0.3118959831306201,-0.3449101144739031,0.17000858067974456,1.0270842965805158,1.0271494775451455,1.027518915936685,1.026531116064023,3.9143492775073154,2.495821260085322,2.497857412287849,2.179143175527276,2.761096133736967,-0.3062493633249004,-1.59193992272041,-1.5919076904135814,-1.5934717291937843,-1.5904586595441448,-0.9224533333047868,-1.120693863739992,-1.12415015488859,-1.1322354200715818,-1.0460112557522065,0.0019411384213038501,0.0031116528929828447,0.0031127370361751045,0.0031039120706725966,0.0031203238467979798,3.840370454849432,2.7803315998460234,2.7697570178926423,2.44060802054554,3.045774089082596,0.11295562167069553,1
T_5,2019-06-24 13:55:11,-0.5559782172084934,-0.8033487750042076,-0.8033483807914134,-0.8033437810017908,-0.803336252414806,-0.3972302789502815,-0.3277984353491063,-0.31661186141429964,-0.3118959831306201,-0.3449101144739031,-0.22281083990182235,1.026872287099498,1.0269374610623812,1.0273068595320884,1.0263191663732207,1.870581430939385,2.6770715565605303,2.6790779170747046,2.7314164255444924,2.5850493249738813,0.00013315760702360866,7.82035829600733e-06,7.093148647748169e-06,3.5500509006211944e-06,1.2685223552787387e-05,0.0037513590679273305,0.0008730356524714299,0.001032506318229211,0.0009322646521791534,0.00046358408245056483,-0.3026159671070306,0.000500257794131851,0.0005012434777329257,0.0004919499711853267,0.0005096729411102493,-1.8519366912512458,0.18009649747499848,0.1796048042708431,0.542501929066451,-0.17268248439177886,0.24370002990081455,1
T_7,2019-06-24 13:55:11,-0.5559782172084934,-0.8033487750042076,-0.8033483807914134,-0.8033437810017908,-0.803336252414806,-0.3972302789502815,-0.3277984353491063,-0.31661186141429964,-0.3118959831306201,-0.3449101144739031,-0.22281083990182235,1.026872287099498,1.0269374610623812,1.0273068595320884,1.0263191663732207,1.870581430939385,2.6770715565605303,2.6790779170747046,2.7314164255444924,2.5850493249738813,-0.3062493633249004,-1.59193992272041,-1.5919076904135814,-1.5934717291937843,-1.5904586595441448,-0.9224533333047868,-1.120693863739992,-1.12415015488859,-1.1322354200715818,-1.0460112557522065,-0.30169456257382754,0.0029375598863927124,0.0029386374656122263,0.002929781264040046,0.002946280453085398,1.9841833419905153,2.9596581586302326,2.9483882050389734,2.982924046682423,2.8718034634893863,0.08650307872971158,-1
T_1,2019-06-24 13:55:12,-0.5559782172084934,-0.8033487750042076,-0.8033483807914134,-0.8033437810017908,-0.803336252414806,-0.3972302789502815,-0.3277984353491063,-0.31661186141429964,-0.3118959831306201,-0.3449101144739031,-0.22281083990182235,1.026872287099498,1.0269374610623812,1.0273068595320884,1.0263191663732207,1.1893254820834083,1.7708200741844888,1.7729753931404266,1.810961008849132,1.7048152811584503,0.00013315760702360866,7.82035829600733e-06,7.093148647748169e-06,3.5500509006211944e-06,1.2685223552787387e-05,0.0037513590679273305,0.0008730356524714299,0.001032506318229211,0.0009322646521791534,0.00046358408245056483,0.0010197338881007966,0.0006743508007219833,0.0006753430482958036,0.0006660807778178774,0.0006837163348228305,-0.614478616011968,-0.8958628552302532,-0.8921823186071428,-0.9036741406319027,-0.8685649867646167,0.11347769380860019,1
T_2,2019-06-24 13:55:12,-0.5559782172084934,-0.8033487750042076,-0.8033483807914134,-0.8033437810017908,-0.803336252414806,-0.3972302789502815,-0.3277984353491063,-0.31661186141429964,-0.3118959831306201,-0.3449101144739031,-0.22281083990182235,1.026872287099498,1.0269374610623812,1.0273068595320884,1.0263191663732207,1.870581430939385,2.6770715565605303,2.6790779170747046,2.7314164255444924,2.5850493249738813,0.00013315760702360866,7.82035829600733e-06,7.093148647748169e-06,3.5500509006211944e-06,1.2685223552787387e-05,0.0037513590679273305,0.0008730356524714299,0.001032506318229211,0.0009322646521791534,0.00046358408245056483,0.0010197338881007966,0.0006743508007219833,0.0006753430482958036,0.0006660807778178774,0.0006837163348228305,0.6229794592273098,0.897402732611833,0.8941295528561671,0.9040459464910394,0.8711412691674779,0.1765643507743391,1
T_8,2019-06-24 13:55:12,-0.5559782172084934,-0.8033487750042076,-0.8033483807914134,-0.8033437810017908,-0.803336252414806,-0.3972302789502815,-0.3277984353491063,-0.31661186141429964,-0.3118959831306201,-0.3449101144739031,-0.22281083990182235,1.026872287099498,1.0269374610623812,1.0273068595320884,1.0263191663732207,1.870581430939385,2.6770715565605303,2.6790779170747046,2.7314164255444924,2.5850493249738813,0.00013315760702360866,7.82035829600733e-06,7.093148647748169e-06,3.5500509006211944e-06,1.2685223552787387e-05,0.0037513590679273305,0.0008730356524714299,0.001032506318229211,0.0009322646521791534,0.00046358408245056483,0.0010197338881007966,0.0006743508007219833,0.0006753430482958036,0.0006660807778178774,0.0006837163348228305,0.004250421607670905,0.0007699386907898716,0.0009736171245120879,0.00018590292956838152,0.0012881412014305925,0.15081796431128142,-1
T_1,2019-06-24 13:55:13,-0.5559782172084934,-0.8033487750042076,-0.8033483807914134,-0.8033437810017908,-0.803336252414806,-0.3972302789502815,-0.3277984353491063,-0.31661186141429964,-0.3118959831306201,-0.3449101144739031,-0.615545114841126,-0.9289151752897842,-0.928914592439672,-0.9289134728703383,-0.9289167312760462,-0.445688795170936,-0.40418348351801053,-0.4016706643018407,-0.39813199121973325,-0.4077464239985835,0.00013315760702360866,7.82035829600733e-06,7.093148647748169e-06,3.5500509006211944e-06,1.2685223552787387e-05,0.0037513590679273305,0.0008730356524714299,0.001032506318229211,0.0009322646521791534,0.00046358408245056483,-0.30255015249751605,-1.6053336349924259,-1.6053931953934308,-1.6056906104066395,-1.604866590662918,-2.099428306299101,-3.0477815606407566,-3.035756564363115,-3.072938245179433,-2.9562124938831302,0.14899566639538447,1
T_3,2019-06-24 13:55:13,-0.5559782172084934,-0.8033487750042076,-0.8033483807914134,-0.8033437810017908,-0.803336252414806,-0.3972302789502815,-0.3277984353491063,-0.31661186141429964,-0.3118959831306201,-0.3449101144739031,-0.22281083990182235,1.026872287099498,1.0269374610623812,1.0273068595320884,1.0263191663732207,1.1893254820834083,1.7708200741844888,1.7729753931404266,1.810961008849132,1.7048152811584503,0.00013315760702360866,7.82035829600733e-06,7.093148647748169e-06,3.5500509006211944e-06,1.2685223552787387e-05,0.0037513590679273305,0.0008730356524714299,0.001032506318229211,0.0009322646521791534,0.00046358408245056483,0.30458962027371767,1.60668233659387,1.6067438814900223,1.6070227719622756,1.6062340233325636,1.489200111894804,2.152688644101293,2.1445478628804837,2.169450007477099,2.088935648319944,0.11494459682183272,1
T_5,2019-06-24 13:55:13,-0.5559782172084934,-0.8033487750042076,-0.8033483807914134,-0.8033437810017908,-0.803336252414806,-0.3972302789502815,-0.3277984353491063,-0.31661186141429964,-0.3118959831306201,-0.3449101144739031,-0.22281083990182235,1.026872287099498,1.0269374610623812,1.0273068595320884,1.0263191663732207,1.461827861625799,2.1333206671349054,2.135416402714138,2.179143175527276,2.0569088986846227,0.00013315760702360866,7.82035829600733e-06,7.093148647748169e-06,3.5500509006211944e-06,1.2685223552787387e-05,0.0037513590679273305,0.0008730356524714299,0.001032506318229211,0.0009322646521791534,0.00046358408245056483,0.0010197338881007966,0.0006743508007219833,0.0006753430482958036,0.0006660807778178774,0.0006837163348228305,0.25174203665552647,0.3594230562592072,0.35823599141717405,0.3617299203541568,0.3492293923878495,0.28257994867357167,1
T_7,2019-06-24 13:55:13,-0.5559782172084934,-0.8033487750042076,-0.8033483807914134,-0.8033437810017908,-0.803336252414806,-0.3972302789502815,-0.3277984353491063,-0.31661186141429964,-0.3118959831306201,-0.3449101144739031,-0.22281083990182235,1.026872287099498,1.0269374610623812,1.0273068595320884,1.0263191663732207,1.461827861625799,2.1333206671349054,2.135416402714138,2.179143175527276,2.0569088986846227,0.00013315760702360866,7.82035829600733e-06,7.093148647748169e-06,3.5500509006211944e-06,1.2685223552787387e-05,0.0037513590679273305,0.0008730356524714299,0.001032506318229211,0.0009322646521791534,0.00046358408245056483,0.0010197338881007966,0.0006743508007219833,0.0006753430482958036,0.0006660807778178774,0.0006837163348228305,-0.3669870009641124,-0.537209737661836,-0.5349199443144809,-0.5421301232073142,-0.5206237355781979,0.1738763564987315,-1
T_8,2019-06-24 13:55:13,-0.5559782172084934,-0.8033487750042076,-0.8033483807914134,-0.8033437810017908,-0.803336252414806,-0.3972302789502815,-0.3277984353491063,-0.31661186141429964,-0.3118959831306201,-0.3449101144739031,-0.22281083990182235,1.026872287099498,1.0269374610623812,1.0273068595320884,1.0263191663732207,1.461827861625799,2.1333206671349054,2.135416402714138,2.179143175527276,2.0569088986846227,0.00013315760702360866,7.82035829600733e-06,7.093148647748169e-06,3.5500509006211944e-06,1.2685223552787387e-05,0.0037513590679273305,0.0008730356524714299,0.001032506318229211,0.0009322646521791534,0.00046358408245056483,0.0010197338881007966,0.0006743508007219833,0.0006753430482958036,0.0006660807778178774,0.0006837163348228305,0.004250421607670905,0.0007699386907898716,0.0009736171245120879,0.00018590292956838152,0.0012881412014305925,0.27490043478005277,-1
T_1,2019-06-24 13:55:14,-0.15085713899285638,1.1919780212170556,1.1919989339480541,1.1936811569898083,1.1902614584449729,1.6786608465938806,2.137806762614553,2.1508614460042175,2.169630492589675,1.98802054725536,-0.2233642865765336,1.0241161638462661,1.024181246786443,1.0245501262723342,1.0235638203927935,-0.37756320028533835,-0.3135583352804064,-0.3110604119084129,-0.3060864495501972,-0.3197230196170404,0.3063829304796184,1.5912658113819425,1.5912321389363704,1.592788415396433,1.5897949176235004,1.5711746846217511,1.8989093269320247,1.9051877791297693,1.9186006541846978,1.7714210053411013,0.000591938926256535,-0.001588858284948746,-0.0015879513690206192,-0.0015976197084042912,-0.001578847783439737,-1.666317979965354,-2.4201386048960267,-2.4105474093509565,-2.4402362146864034,-2.347315304306897,0.15867766259911453,1
T_2,2019-06-24 13:55:14,-0.5559782172084934,-0.8033487750042076,-0.8033483807914134,-0.8033437810017908,-0.803336252414806,-0.3972302789502815,-0.3277984353491063,-0.31661186141429964,-0.3118959831306201,-0.3449101144739031,-0.615545114841126,-0.9289151752897842,-0.928914592439672,-0.9289134728703383,-0.9289167312760462,-0.445688795170936,-0.40418348351801053,-0.4016706643018407,-0.39813199121973325,-0.4077464239985835,-0.3061166152655712,-1.5912501706653503,-1.5912179526390748,-1.592781315294632,-1.5897695471763948,-1.5636719664858967,-1.897163255627082,-1.9031227664933112,-1.9167361248803394,-1.7704938371762,-0.3021223575356718,-1.6030704259067552,-1.6031299009761144,-1.6034269099204175,-1.6026040265446555,-0.05762248215429298,-0.08889334070131444,-0.08834197644865341,-0.09020010142657872,-0.08569717159517413,0.13676769598015925,1
T_3,2019-06-24 13:55:14,-0.5559782172084934,-0.8033487750042076,-0.8033483807914134,-0.8033437810017908,-0.803336252414806,-0.3972302789502815,-0.3277984353491063,-0.31661186141429964,-0.3118959831306201,-0.3449101144739031,-0.615545114841126,-0.9289151752897842,-0.928914592439672,-0.9289134728703383,-0.9289167312760462,-0.445688795170936,-0.40418348351801053,-0.4016706643018407,-0.39813199121973325,-0.4077464239985835,0.00013315760702360866,7.82035829600733e-06,7.093148647748169e-06,3.5500509006211944e-06,1.2685223552787387e-05,0.0037513590679273305,0.0008730356524714299,0.001032506318229211,0.0009322646521791534,0.00046358408245056483,0.0010197338881007966,0.0006743508007219833,0.0006753430482958036,0.0006660807778178774,0.0006837163348228305,0.004250421607670905,0.0007699386907898716,0.0009736171245120879,0.00018590292956838152,0.0012881412014305925,0.11356826576589502,1
T_7,2019-06-24 13:55:14,-0.5559782172084934,-0.8033487750042076,-0.8033483807914134,-0.8033437810017908,-0.803336252414806,-0.3972302789502815,-0.3277984353491063,-0.31661186141429964,-0.3118959831306201,-0.3449101144739031,-0.615545114841126,-0.9289151752897842,-0.928914592439672,-0.9289134728703383,-0.9289167312760462,-0.445688795170936,-0.40418348351801053,-0.4016706643018407,-0.39813199121973325,-0.4077464239985835,0.00013315760702360866,7.82035829600733e-06,7.093148647748169e-06,3.5500509006211944e-06,1.2685223552787387e-05,0.0037513590679273305,0.0008730356524714299,0.001032506318229211,0.0009322646521791534,0.00046358408245056483,-0.30255015249751605,-1.6053336349924259,-1.6053931953934308,-1.6056906104066395,-1.604866590662918,-1.7281908837273179,-2.509801884288131,-2.499863002924122,-2.5306222190425505,-2.4343006171035015,0.16109543474900764,-1
T_1,2019-06-24 13:55:15,-0.5559782172084934,-0.8033487750042076,-0.8033483807914134,-0.8033437810017908,-0.803336252414806,-0.3972302789502815,-0.3277984353491063,-0.31661186141429964,-0.3118959831306201,-0.3449101144739031,0.5609973699526509,1.0241161638462661,1.024181246786443,1.0245501262723342,1.0235638203927935,-0.445688795170936,-0.40418348351801053,-0.4016706643018407,-0.39813199121973325,-0.4077464239985835,0.00013315760702360866,7.82035829600733e-06,7.093148647748169e-06,3.5500509006211944e-06,1.2685223552787387e-05,0.0037513590679273305,0.0008730356524714299,0.001032506318229211,0.0009322646521791534,0.00046358408245056483,0.9104460081594186,1.6044191275081991,1.604480587072706,1.6047590714760533,1.603971459214301,0.004250421607670905,0.0007699386907898716,0.0009736171245120879,0.00018590292956838152,0.0012881412014305925,0.14347778985758267,1
T_2,2019-06-24 13:55:15,-0.15085713899285638,1.1919780212170556,1.1919989339480541,1.1936811569898083,1.1902614584449729,1.4899434715444113,1.9136608355269478,1.9265456907843523,1.9440371766151028,1.775935941643609,0.9531781982172434,1.0241161638462661,1.024181246786443,1.0245501262723342,1.0235638203927935,-0.445688795170936,-0.40418348351801053,-0.4016706643018407,-0.39813199121973325,-0.4077464239985835,0.3063829304796184,1.5912658113819425,1.5912321389363704,1.592788415396433,1.5897949176235004,1.4286816550259491,1.726360573179338,1.7320827543287203,1.744267164227196,1.6104248761357693,0.3041618253118735,0.0006743508007219833,0.0006753430482958036,0.0006660807778178774,0.0006837163348228305,0.004250421607670905,0.0007699386907898716,0.0009736171245120879,0.00018590292956838152,0.0012881412014305925,0.1528267878487988,1
T_3,2019-06-24 13:55:15,-0.5559782172084934,-0.8033487750042076,-0.8033483807914134,-0.8033437810017908,-0.803336252414806,-0.3972302789502815,-0.3277984353491063,-0.31661186141429964,-0.3118959831306201,-0.3449101144739031,-0.615545114841126,-0.9289151752897842,-0.928914592439672,-0.9289134728703383,-0.9289167312760462,-0.445688795170936,-0.40418348351801053,-0.4016706643018407,-0.39813199121973325,-0.4077464239985835,-0.3061166152655712,-1.5912501706653503,-1.5912179526390748,-1.592781315294632,-1.5897695471763948,-1.4211789368900947,-1.7246145018743952,-1.730017741692262,-1.7424026349228376,-1.609497707970868,-1.2115486318069895,-1.6030704259067552,-1.6031299009761144,-1.6034269099204175,-1.6026040265446555,0.004250421607670905,0.0007699386907898716,0.0009736171245120879,0.00018590292956838152,0.0012881412014305925,0.12561490207476192,1
T_3,2019-06-24 13:55:16,1.0612134991145905,1.1879237973950842,1.1879987253088382,1.1876216968398552,1.188101079477851,-0.019795528851342954,-0.2157254718053036,-0.20445398380436702,-0.19909932514333398,-0.23886781166802748,2.5270953954536717,1.0273493084317877,1.0272554857865277,1.0273068595320884,1.027590864518033,0.09931596391384538,-0.3135583352804064,-0.3110604119084129,-0.3060864495501972,-0.3197230196170404,1.222643222984979,1.588032598623848,1.588042101729275,1.5879555181023632,1.5880721367041244,0.2887374182595317,0.08714741252881478,0.08758501871875378,0.08809900963093,0.0809616486851165,2.430171156458666,1.6070740458586974,1.6070050308458665,1.6070227719622756,1.6072782836948385,0.499233651703382,0.09043321808289419,0.09028921069767758,0.09057190728571549,0.08827345399803532,0.21504146917500705,1
T_4,2019-06-24 13:55:16,1.0612134991145905,1.1879237973950842,1.1879987253088382,1.1876216968398552,1.188101079477851,-0.019795528851342954,-0.2157254718053036,-0.20445398380436702,-0.19909932514333398,-0.23886781166802748,-0.615545114841126,-0.9289151752897842,-0.928914592439672,-0.9289134728703383,-0.9289167312760462,-0.445688795170936,-0.40418348351801053,-0.4016706643018407,-0.39813199121973325,-0.4077464239985835,0.00013315760702360866,7.82035829600733e-06,7.093148647748169e-06,3.5500509006211944e-06,1.2685223552787387e-05,0.0037513590679273305,0.0008730356524714299,0.001032506318229211,0.0009322646521791534,0.00046358408245056483,-2.4281316886824644,-1.6057253442572534,-1.605654344749275,-1.6056906104066395,-1.6059108510251927,-0.49073280848804013,-0.08889334070131444,-0.08834197644865341,-0.09020010142657872,-0.08569717159517413,0.6685867344513343,1
T_4,2019-06-24 13:55:17,-0.5559782172084934,-0.8033487750042076,-0.8033483807914134,-0.8033437810017908,-0.803336252414806,-0.3972302789502815,-0.3277984353491063,-0.31661186141429964,-0.3118959831306201,-0.3449101144739031,5.66973590574847,1.0273493084317877,1.0272554857865277,1.0273068595320884,1.027590864518033,0.6443207229986269,-0.3135583352804064,-0.3110604119084129,-0.3060864495501972,-0.3197230196170404,-1.2223769077709319,-1.5880169579072558,-1.5880279154319794,-1.5879484180005623,-1.588046766257019,-0.281234700123677,-0.0854013412238719,-0.08552000608229535,-0.08623448032657169,-0.08003448052021536,4.859322579029231,1.6070740458586974,1.6070050308458665,1.6070227719622756,1.6072782836948385,0.994216881799093,0.09043321808289419,0.09028921069767758,0.09057190728571549,0.08827345399803532,0.11297566255181156,1
T_1,2019-06-24 13:55:18,-0.5559782172084934,-0.8033487750042076,-0.8033483807914134,-0.8033437810017908,-0.803336252414806,-0.3972302789502815,-0.3277984353491063,-0.31661186141429964,-0.3118959831306201,-0.3449101144739031,-0.2233642865765336,1.0241161638462661,1.024181246786443,1.0245501262723342,1.0235638203927935,-0.37756320028533835,-0.3135583352804064,-0.3110604119084129,-0.3060864495501972,-0.3197230196170404,0.00013315760702360866,7.82035829600733e-06,7.093148647748169e-06,3.5500509006211944e-06,1.2685223552787387e-05,0.0037513590679273305,0.0008730356524714299,0.001032506318229211,0.0009322646521791534,0.00046358408245056483,-4.554141019829257,-0.0019805675497762344,-0.0018491007248648123,-0.0015976197084042912,-0.0026231081457144824,-0.9238431348217874,0.0007699386907898716,0.0009736171245120879,0.00018590292956838152,0.0012881412014305925,0.1134374598269426,1
T_3,2019-06-24 13:55:18,-0.5559782172084934,-0.8033487750042076,-0.8033483807914134,-0.8033437810017908,-0.803336252414806,-0.3972302789502815,-0.3277984353491063,-0.31661186141429964,-0.3118959831306201,-0.3449101144739031,-0.615545114841126,-0.9289151752897842,-0.928914592439672,-0.9289134728703383,-0.9289167312760462,-0.445688795170936,-0.40418348351801053,-0.4016706643018407,-0.39813199121973325,-0.4077464239985835,0.00013315760702360866,7.82035829600733e-06,7.093148647748169e-06,3.5500509006211944e-06,1.2685223552787387e-05,0.0037513590679273305,0.0008730356524714299,0.001032506318229211,0.0009322646521791534,0.00046358408245056483,-0.3021223575356718,-1.6030704259067552,-1.6031299009761144,-1.6034269099204175,-1.6026040265446555,-0.05762248215429298,-0.08889334070131444,-0.08834197644865341,-0.09020010142657872,-0.08569717159517413,0.13053916420231249,1
T_4,2019-06-24 13:55:18,-0.5559782172084934,-0.8033487750042076,-0.8033483807914134,-0.8033437810017908,-0.803336252414806,-0.3972302789502815,-0.3277984353491063,-0.31661186141429964,-0.3118959831306201,-0.3449101144739031,-0.615545114841126,-0.9289151752897842,-0.928914592439672,-0.9289134728703383,-0.9289167312760462,-0.445688795170936,-0.40418348351801053,-0.4016706643018407,-0.39813199121973325,-0.4077464239985835,0.00013315760702360866,7.82035829600733e-06,7.093148647748169e-06,3.5500509006211944e-06,1.2685223552787387e-05,0.0037513590679273305,0.0008730356524714299,0.001032506318229211,0.0009322646521791534,0.00046358408245056483,0.0010197338881007966,0.0006743508007219833,0.0006753430482958036,0.0006660807778178774,0.0006837163348228305,0.004250421607670905,0.0007699386907898716,0.0009736171245120879,0.00018590292956838152,0.0012881412014305925,0.11356826576589502,1
T_5,2019-06-24 13:55:18,-0.15085713899285638,1.1919780212170556,1.1919989339480541,1.1936811569898083,1.1902614584449729,1.3955847840196767,1.801587871983145,1.8143878131744196,1.8312405186278164,1.6698936388377332,-0.2233642865765336,1.0241161638462661,1.024181246786443,1.0245501262723342,1.0235638203927935,-0.37756320028533835,-0.3135583352804064,-0.3110604119084129,-0.3060864495501972,-0.3197230196170404,0.3063829304796184,1.5912658113819425,1.5912321389363704,1.592788415396433,1.5897949176235004,1.357435140228048,1.6400861963029947,1.6455302419281956,1.6571004192484453,1.5299268115331035,0.3041618253118734,1.6044191275081991,1.604480587072706,1.6047590714760533,1.603971459214301,0.06612332536963479,0.09043321808289419,0.09028921069767758,0.09057190728571549,0.08827345399803532,0.16151482047805923,1
T_1,2019-06-24 13:55:19,-0.5559782172084934,-0.8033487750042076,-0.8033483807914134,-0.8033437810017908,-0.803336252414806,-0.3972302789502815,-0.3277984353491063,-0.31661186141429964,-0.3118959831306201,-0.3449101144739031,0.5609973699526509,1.0241161638462661,1.024181246786443,1.0245501262723342,1.0235638203927935,-0.445688795170936,-0.40418348351801053,-0.4016706643018407,-0.39813199121973325,-0.4077464239985835,-0.3061166152655712,-1.5912501706653503,-1.5912179526390748,-1.592781315294632,-1.5897695471763948,-1.3499324220921936,-1.638340124998052,-1.6434652292917376,-1.6552358899440869,-1.528999643368202,0.6073039167356459,0.0006743508007219833,0.0006753430482958036,0.0006660807778178774,0.0006837163348228305,-0.05762248215429298,-0.08889334070131444,-0.08834197644865341,-0.09020010142657872,-0.08569717159517413,0.12004543281715079,1
T_2,2019-06-24 13:55:19,-0.5559782172084934,-0.8033487750042076,-0.8033483807914134,-0.8033437810017908,-0.803336252414806,-0.3972302789502815,-0.3277984353491063,-0.31661186141429964,-0.3118959831306201,-0.3449101144739031,0.9531781982172434,1.0241161638462661,1.024181246786443,1.0245501262723342,1.0235638203927935,-0.445688795170936,-0.40418348351801053,-0.4016706643018407,-0.39813199121973325,-0.4077464239985835,0.00013315760702360866,7.82035829600733e-06,7.093148647748169e-06,3.5500509006211944e-06,1.2685223552787387e-05,0.0037513590679273305,0.0008730356524714299,0.001032506318229211,0.0009322646521791534,0.00046358408245056483,0.3041618253118735,0.0006743508007219833,0.0006753430482958036,0.0006660807778178774,0.0006837163348228305,0.004250421607670905,0.0007699386907898716,0.0009736171245120879,0.00018590292956838152,0.0012881412014305925,0.17028623830831544,1
T_3,2019-06-24 13:55:19,-0.5559782172084934,-0.8033487750042076,-0.8033483807914134,-0.8033437810017908,-0.803336252414806,-0.3972302789502815,-0.3277984353491063,-0.31661186141429964,-0.3118959831306201,-0.3449101144739031,0.955775140306273,1.0273493084317877,1.0272554857865277,1.0273068595320884,1.027590864518033,-0.1731864156285453,-0.3135583352804064,-0.3110604119084129,-0.3060864495501972,-0.3197230196170404,0.00013315760702360866,7.82035829600733e-06,7.093148647748169e-06,3.5500509006211944e-06,1.2685223552787387e-05,0.0037513590679273305,0.0008730356524714299,0.001032506318229211,0.0009322646521791534,0.00046358408245056483,0.0030270794782929966,0.003329269151220201,0.0031997868214564194,0.002929781264040046,0.003990540815360144,0.25174203665552647,0.09043321808289419,0.09028921069767758,0.09057190728571549,0.08827345399803532,0.227971648773343,1
T_3,2019-06-24 13:55:20,1.0612134991145905,1.1879237973950842,1.1879987253088382,1.1876216968398552,1.188101079477851,-0.019795528851342954,-0.2157254718053036,-0.20445398380436702,-0.19909932514333398,-0.23886781166802748,4.098415650601071,1.0273493084317877,1.0272554857865277,1.0273068595320884,1.027590864518033,0.3718183434562361,-0.3135583352804064,-0.3110604119084129,-0.3060864495501972,-0.3197230196170404,1.222643222984979,1.588032598623848,1.588042101729275,1.5879555181023632,1.5880721367041244,0.2887374182595317,0.08714741252881478,0.08758501871875378,0.08809900963093,0.0809616486851165,2.430171156458666,0.0006743508007219833,0.0006753430482958036,0.0006660807778178774,0.0006837163348228305,0.499233651703382,0.0007699386907898716,0.0009736171245120879,0.00018590292956838152,0.0012881412014305925,0.3190589188395727,1
T_3,2019-06-24 13:55:21,-0.5559782172084934,-0.8033487750042076,-0.8033483807914134,-0.8033437810017908,-0.803336252414806,-0.3972302789502815,-0.3277984353491063,-0.31661186141429964,-0.3118959831306201,-0.3449101144739031,-0.615545114841126,-0.9289151752897842,-0.928914592439672,-0.9289134728703383,-0.9289167312760462,-0.445688795170936,-0.40418348351801053,-0.4016706643018407,-0.39813199121973325,-0.4077464239985835,-1.2223769077709319,-1.5880169579072558,-1.5880279154319794,-1.5879484180005623,-1.588046766257019,-0.281234700123677,-0.0854013412238719,-0.08552000608229535,-0.08623448032657169,-0.08003448052021536,-3.642707399967747,-1.6057253442572534,-1.605654344749275,-1.6056906104066395,-1.6059108510251927,-0.7382244235358957,-0.08889334070131444,-0.08834197644865341,-0.09020010142657872,-0.08569717159517413,0.1436376234023217,1
T_4,2019-06-24 13:55:21,1.0612134991145905,1.1879237973950842,1.1879987253088382,1.1876216968398552,1.188101079477851,-0.019795528851342954,-0.2157254718053036,-0.20445398380436702,-0.19909932514333398,-0.23886781166802748,0.955775140306273,1.0273493084317877,1.0272554857865277,1.0273068595320884,1.027590864518033,-0.1731864156285453,-0.3135583352804064,-0.3110604119084129,-0.3060864495501972,-0.3197230196170404,1.222643222984979,1.588032598623848,1.588042101729275,1.5879555181023632,1.5880721367041244,0.2887374182595317,0.08714741252881478,0.08758501871875378,0.08809900963093,0.0809616486851165,1.2155954451733835,1.6070740458586974,1.6070050308458665,1.6070227719622756,1.6072782836948385,0.25174203665552647,0.09043321808289419,0.09028921069767758,0.09057190728571549,0.08827345399803532,0.2910066557639008,1
T_5,2019-06-24 13:55:21,-0.5559782172084934,-0.8033487750042076,-0.8033483807914134,-0.8033437810017908,-0.803336252414806,-0.3972302789502815,-0.3277984353491063,-0.31661186141429964,-0.3118959831306201,-0.3449101144739031,0.16881654168805874,1.0241161638462661,1.024181246786443,1.0245501262723342,1.0235638203927935,-0.3094376053997407,-0.3135583352804064,-0.3110604119084129,-0.3060864495501972,-0.3197230196170404,-1.2223769077709319,-1.5880169579072558,-1.5880279154319794,-1.5879484180005623,-1.588046766257019,-0.281234700123677,-0.0854013412238719,-0.08552000608229535,-0.08623448032657169,-0.08003448052021536,-0.6072717945496366,-0.0019805675497762344,-0.0018491007248648123,-0.0015976197084042912,-0.0026231081457144824,-0.11949538591625686,0.0007699386907898716,0.0009736171245120879,0.00018590292956838152,0.0012881412014305925,0.35381766647718865,1
T_2,2019-06-24 13:55:22,-0.5559782172084934,-0.8033487750042076,-0.8033483807914134,-0.8033437810017908,-0.803336252414806,-0.3972302789502815,-0.3277984353491063,-0.31661186141429964,-0.3118959831306201,-0.3449101144739031,0.5609973699526509,1.0241161638462661,1.024181246786443,1.0245501262723342,1.0235638203927935,-0.445688795170936,-0.40418348351801053,-0.4016706643018407,-0.39813199121973325,-0.4077464239985835,0.00013315760702360866,7.82035829600733e-06,7.093148647748169e-06,3.5500509006211944e-06,1.2685223552787387e-05,0.0037513590679273305,0.0008730356524714299,0.001032506318229211,0.0009322646521791534,0.00046358408245056483,0.3041618253118733,0.0006743508007219833,0.0006753430482958036,0.0006660807778178774,0.0006837163348228305,-0.11949538591625686,-0.08889334070131444,-0.08834197644865341,-0.09020010142657872,-0.08569717159517413,0.16224746787478683,1
