,timestamp,type,order_id,price,volume,direction,trader_id,stock_id,order_level,matched_order_trader_id,match_price,match_volume,match_timestamp
0,2019-04-01 10:44:22.577038,1,233455,29.5916,38,1,T_1,3,1,,,,
1,2019-04-01 10:44:24.033532,1,233456,29.1916,27,1,T_1,3,2,,,,
2,2019-04-01 10:44:24.794280,1,233457,28.6916,27,1,T_1,3,3,,,,
3,2019-04-01 10:44:25.950639,1,233458,28.4416,36,1,T_1,3,4,,,,
4,2019-04-01 10:44:26.342481,1,233459,28.1916,31,1,T_1,3,5,,,,
5,2019-04-01 10:44:26.941395,1,233460,29.791600000000003,39,-1,T_1,3,1,,,,
6,2019-04-01 10:44:27.762745,1,233461,30.1916,35,-1,T_1,3,2,,,,
7,2019-04-01 10:44:28.915560,1,233462,30.6916,32,-1,T_1,3,3,,,,
8,2019-04-01 10:44:30.975955,1,233463,30.9416,30,-1,T_1,3,4,,,,
9,2019-04-01 10:44:32.545677,1,233464,31.1916,29,-1,T_1,3,5,,,,
10,2019-04-01 10:44:34.564031,1,233465,29.0,6,-1,T_1,3,-1,,,,
11,2019-04-01 10:44:36.057498,4,233465,29.0,6,-1,T_1,3,-1,T_1,29.0,6,2019-04-01 10:44:35
12,2019-04-01 10:44:36.057498,4,233455,29.0,6,1,T_1,3,-1,T_1,29.0,6,2019-04-01 10:44:23
13,2019-04-01 10:44:38.530179,1,233466,29.0,5,-1,T_1,3,-1,,,,
14,2019-04-01 10:44:39.234838,4,233466,29.0,5,-1,T_1,3,-1,T_1,29.0,5,2019-04-01 10:44:39
15,2019-04-01 10:44:39.234838,4,233455,29.0,5,1,T_1,3,-1,T_1,29.0,5,2019-04-01 10:44:23
16,2019-04-01 10:44:39.874932,1,233467,29.0,5,-1,T_1,3,-1,,,,
17,2019-04-01 10:44:40.398512,4,233467,29.0,5,-1,T_1,3,-1,T_1,29.0,5,2019-04-01 10:44:40
18,2019-04-01 10:44:40.398512,4,233455,29.0,5,1,T_1,3,-1,T_1,29.0,5,2019-04-01 10:44:23
19,2019-04-01 10:44:40.883187,1,233468,29.5916,1,1,T_2,3,1,,,,
20,2019-04-01 10:44:41.506396,1,233469,29.1916,1,1,T_2,3,2,,,,
21,2019-04-01 10:44:41.998432,1,233470,28.6916,1,1,T_2,3,3,,,,
22,2019-04-01 10:44:42.352204,1,233471,28.4416,1,1,T_2,3,4,,,,
23,2019-04-01 10:44:42.933410,1,233472,29.791600000000003,1,-1,T_2,3,1,,,,
24,2019-04-01 10:44:43.315243,1,233473,30.1916,1,-1,T_2,3,2,,,,
25,2019-04-01 10:44:43.890254,1,233474,30.6916,1,-1,T_2,3,3,,,,
26,2019-04-01 10:44:45.328226,1,233475,30.9416,1,-1,T_2,3,4,,,,
27,2019-04-01 10:44:45.894953,1,233476,29.5916,1,1,T_2,3,1,,,,
28,2019-04-01 10:44:46.319609,1,233477,29.1916,1,1,T_2,3,2,,,,
29,2019-04-01 10:44:46.882942,1,233478,28.6916,1,1,T_2,3,3,,,,
30,2019-04-01 10:44:47.457323,1,233479,28.4416,1,1,T_2,3,4,,,,
31,2019-04-01 10:44:47.993802,1,233480,29.0,7,1,T_3,3,3,,,,
32,2019-04-01 10:44:48.517367,1,233481,29.0,5,-1,T_3,3,-1,,,,
33,2019-04-01 10:44:49.085516,4,233481,29.0,5,-1,T_3,3,-1,T_3,29.0,5,2019-04-01 10:44:49
34,2019-04-01 10:44:49.085516,4,233455,29.0,5,1,T_1,3,3,T_1,29.0,5,2019-04-01 10:44:23
35,2019-04-01 10:44:49.813070,1,233482,29.0,4,-1,T_3,3,-1,,,,
36,2019-04-01 10:44:50.408397,4,233482,29.0,4,-1,T_3,3,-1,T_3,29.0,4,2019-04-01 10:44:50
37,2019-04-01 10:44:50.408397,4,233455,29.0,4,1,T_1,3,3,T_1,29.0,4,2019-04-01 10:44:23
38,2019-04-01 10:44:51.047133,1,233483,29.0,4,-1,T_3,3,-1,,,,
39,2019-04-01 10:44:51.754556,4,233483,29.0,4,-1,T_3,3,-1,T_3,29.0,4,2019-04-01 10:44:51
40,2019-04-01 10:44:51.754556,4,233455,29.0,4,1,T_1,3,3,T_1,29.0,4,2019-04-01 10:44:23
41,2019-04-01 10:44:52.329370,1,233484,29.0,4,-1,T_3,3,-1,,,,
42,2019-04-01 10:44:52.846962,4,233484,29.0,4,-1,T_3,3,-1,T_3,29.0,4,2019-04-01 10:44:52
43,2019-04-01 10:44:52.846962,4,233455,29.0,4,1,T_1,3,3,T_1,29.0,4,2019-04-01 10:44:23
44,2019-04-01 10:45:06.467001,1,233485,29.0,3,-1,T_1,3,-1,,,,
45,2019-04-01 10:45:31.056879,4,233485,29.0,3,-1,T_1,3,-1,T_1,29.0,3,2019-04-01 10:45:06
46,2019-04-01 10:45:31.056879,4,233455,29.0,3,1,T_1,3,3,T_1,29.0,3,2019-04-01 10:44:23
47,2019-04-01 10:45:35.624489,1,233486,29.0,3,-1,T_1,3,-1,,,,
48,2019-04-01 10:45:37.781659,4,233486,29.0,2,-1,T_1,3,-1,T_1,29.0,2,2019-04-01 10:45:36
49,2019-04-01 10:45:37.781659,4,233486,29.0,1,-1,T_1,3,-1,T_1,29.0,1,2019-04-01 10:45:36
50,2019-04-01 10:45:37.781659,4,233455,29.0,2,1,T_1,3,3,T_1,29.0,2,2019-04-01 10:44:23
51,2019-04-01 10:45:37.781659,4,233468,29.0,1,1,T_2,3,3,T_1,29.0,2,2019-04-01 10:44:23
52,2019-04-01 10:45:39.463579,1,233487,29.0,3,-1,T_1,3,-1,,,,
53,2019-04-01 10:45:40.539273,4,233487,29.0,1,-1,T_1,3,-1,T_1,29.0,1,2019-04-01 10:45:39
54,2019-04-01 10:45:40.539273,4,233487,29.0,2,-1,T_1,3,-1,T_1,29.0,2,2019-04-01 10:45:39
55,2019-04-01 10:45:40.539273,4,233476,29.0,1,1,T_2,3,2,T_2,29.0,1,2019-04-01 10:44:46
56,2019-04-01 10:45:40.539273,4,233456,29.0,2,1,T_1,3,2,T_2,29.0,1,2019-04-01 10:44:46
57,2019-04-01 10:45:42.632073,1,233488,29.791600000000003,1,-1,T_2,3,1,,,,
58,2019-04-01 10:45:44.096656,1,233489,30.1916,1,-1,T_2,3,2,,,,
59,2019-04-01 10:45:44.776229,1,233490,30.6916,1,-1,T_2,3,3,,,,
60,2019-04-01 10:45:45.311271,1,233491,30.9416,1,-1,T_2,3,4,,,,
61,2019-04-01 10:45:45.893572,1,233492,29.1916,1,1,T_2,3,1,,,,
62,2019-04-01 10:45:46.473109,1,233493,29.0,1,1,T_2,3,2,,,,
63,2019-04-01 10:45:47.516088,1,233494,28.6916,1,1,T_2,3,3,,,,
64,2019-04-01 10:45:48.223303,1,233495,28.4416,1,1,T_2,3,4,,,,
65,2019-04-01 10:45:48.664381,1,233496,29.791600000000003,1,-1,T_2,3,1,,,,
66,2019-04-01 10:45:49.422795,1,233497,30.1916,1,-1,T_2,3,2,,,,
67,2019-04-01 10:45:50.106560,1,233498,30.6916,1,-1,T_2,3,3,,,,
68,2019-04-01 10:45:51.969378,1,233499,30.9416,1,-1,T_2,3,4,,,,
69,2019-04-01 10:45:53.603623,1,233500,29.791600000000003,1,-1,T_2,3,1,,,,
70,2019-04-01 10:45:54.871871,1,233501,30.1916,1,-1,T_2,3,2,,,,
71,2019-04-01 10:45:57.619445,1,233502,30.6916,1,-1,T_2,3,3,,,,
72,2019-04-01 10:45:59.273835,1,233503,30.9416,1,-1,T_2,3,4,,,,
73,2019-04-01 10:45:59.860405,1,233504,29.1916,1,1,T_2,3,1,,,,
74,2019-04-01 10:46:00.499029,1,233505,29.0,1,1,T_2,3,2,,,,
75,2019-04-01 10:46:01.223104,1,233506,28.6916,1,1,T_2,3,3,,,,
76,2019-04-01 10:46:01.779708,1,233507,28.4416,1,1,T_2,3,4,,,,
77,2019-04-01 10:46:02.871005,1,233508,29.0,3,-1,T_3,3,-1,,,,
78,2019-04-01 10:46:04.179901,4,233508,29.0,3,-1,T_3,3,-1,T_3,29.0,3,2019-04-01 10:46:03
79,2019-04-01 10:46:04.179901,4,233456,29.0,3,1,T_1,3,2,T_1,29.0,3,2019-04-01 10:44:24
80,2019-04-01 10:46:14.118928,1,233509,29.0,3,-1,T_3,3,-1,,,,
81,2019-04-01 10:46:17.086518,4,233509,29.0,3,-1,T_3,3,-1,T_3,29.0,3,2019-04-01 10:46:14
82,2019-04-01 10:46:17.086518,4,233456,29.0,3,1,T_1,3,2,T_1,29.0,3,2019-04-01 10:44:24
83,2019-04-01 10:46:18.007501,1,233510,29.0,3,-1,T_3,3,-1,,,,
84,2019-04-01 10:46:18.903503,4,233510,29.0,3,-1,T_3,3,-1,T_3,29.0,3,2019-04-01 10:46:18
85,2019-04-01 10:46:18.903503,4,233456,29.0,3,1,T_1,3,2,T_1,29.0,3,2019-04-01 10:44:24
86,2019-04-01 10:46:24.070988,1,233511,29.0,2,-1,T_1,3,-1,,,,
87,2019-04-01 10:46:26.704495,4,233511,29.0,2,-1,T_1,3,-1,T_1,29.0,2,2019-04-01 10:46:24
88,2019-04-01 10:46:26.704495,4,233456,29.0,2,1,T_1,3,2,T_1,29.0,2,2019-04-01 10:44:24
89,2019-04-01 10:46:27.747371,1,233512,29.0,2,-1,T_1,3,-1,,,,
90,2019-04-01 10:46:28.323010,4,233512,29.0,2,-1,T_1,3,-1,T_1,29.0,2,2019-04-01 10:46:28
91,2019-04-01 10:46:28.323010,4,233456,29.0,2,1,T_1,3,2,T_1,29.0,2,2019-04-01 10:44:24
92,2019-04-01 10:46:28.927436,1,233513,29.0,2,-1,T_1,3,-1,,,,
93,2019-04-01 10:46:29.631828,4,233513,29.0,2,-1,T_1,3,-1,T_1,29.0,2,2019-04-01 10:46:29
94,2019-04-01 10:46:29.631828,4,233456,29.0,2,1,T_1,3,2,T_1,29.0,2,2019-04-01 10:44:24
95,2019-04-01 10:46:30.290024,1,233514,29.1916,1,1,T_2,3,1,,,,
96,2019-04-01 10:46:30.962955,1,233515,29.0,1,1,T_2,3,2,,,,
97,2019-04-01 10:46:31.811107,1,233516,28.6916,1,1,T_2,3,3,,,,
98,2019-04-01 10:46:33.116388,1,233517,28.4416,1,1,T_2,3,4,,,,
99,2019-04-01 10:46:33.778202,1,233518,29.1916,1,1,T_2,3,1,,,,
100,2019-04-01 10:46:34.359526,1,233519,29.0,1,1,T_2,3,2,,,,
101,2019-04-01 10:46:35.136520,1,233520,28.6916,1,1,T_2,3,3,,,,
102,2019-04-01 10:46:35.712988,1,233521,28.4416,1,1,T_2,3,4,,,,
103,2019-04-01 10:46:36.317979,1,233522,29.1916,1,1,T_2,3,1,,,,
104,2019-04-01 10:46:36.875608,1,233523,29.0,1,1,T_2,3,2,,,,
105,2019-04-01 10:46:37.446885,1,233524,28.6916,1,1,T_2,3,3,,,,
106,2019-04-01 10:46:38.213962,1,233525,28.4416,1,1,T_2,3,4,,,,
107,2019-04-01 10:46:38.836122,1,233526,29.1916,1,1,T_2,3,1,,,,
108,2019-04-01 10:46:39.440765,1,233527,29.0,1,1,T_2,3,2,,,,
109,2019-04-01 10:46:40.028856,1,233528,28.6916,1,1,T_2,3,3,,,,
110,2019-04-01 10:46:40.659185,1,233529,28.4416,1,1,T_2,3,4,,,,
111,2019-04-01 10:46:41.982259,1,233530,29.0,3,-1,T_3,3,-1,,,,
112,2019-04-01 10:46:43.126638,4,233530,29.0,3,-1,T_3,3,-1,T_3,29.0,3,2019-04-01 10:46:42
113,2019-04-01 10:46:43.126638,4,233456,29.0,3,1,T_1,3,2,T_1,29.0,3,2019-04-01 10:44:24
114,2019-04-01 10:46:48.909135,1,233531,29.0,2,-1,T_3,3,-1,,,,
115,2019-04-01 10:46:51.359470,4,233531,29.0,2,-1,T_3,3,-1,T_3,29.0,2,2019-04-01 10:46:49
116,2019-04-01 10:46:51.359470,4,233456,29.0,2,1,T_1,3,2,T_1,29.0,2,2019-04-01 10:44:24
117,2019-04-01 10:46:52.002772,1,233532,29.0,2,-1,T_3,3,-1,,,,
118,2019-04-01 10:46:52.752127,4,233532,29.0,2,-1,T_3,3,-1,T_3,29.0,2,2019-04-01 10:46:52
119,2019-04-01 10:46:52.752127,4,233456,29.0,2,1,T_1,3,2,T_1,29.0,2,2019-04-01 10:44:24
120,2019-04-01 10:46:55.306861,1,233533,29.0,1,-1,T_4,3,-1,,,,
121,2019-04-01 10:47:00.700471,4,233533,29.0,1,-1,T_4,3,-1,T_4,29.0,1,2019-04-01 10:46:55
122,2019-04-01 10:47:00.700471,4,233456,29.0,1,1,T_1,3,2,T_1,29.0,1,2019-04-01 10:44:24
123,2019-04-01 10:47:01.366975,1,233534,29.791600000000003,35,-1,T_2,3,1,,,,
124,2019-04-01 10:47:02.130069,1,233535,29.791600000000003,1,-1,T_9,3,1,,,,
125,2019-04-01 10:47:03.018701,1,233536,29.791600000000003,29,-1,T_1,3,1,,,,
126,2019-04-01 10:47:04.398134,2,233535,30.0,1,-1,T_9,3,-1,,,,
127,2019-04-01 10:47:04.486844,1,233537,29.791600000000003,1,-1,T_4,3,1,,,,
128,2019-04-01 10:47:05.683534,1,233538,29.791600000000003,37,-1,T_3,3,1,,,,
129,2019-04-01 10:47:06.697075,2,233537,30.0,1,-1,T_4,3,-1,,,,
130,2019-04-01 10:47:09.674093,2,233533,29.0,1,-1,T_4,3,-1,,,,
131,2019-04-01 10:47:11.177305,2,233535,30.0,1,-1,T_9,3,-1,,,,
132,2019-04-01 10:47:15.802018,2,233537,30.0,1,-1,T_4,3,-1,,,,
133,2019-04-01 10:47:18.731823,1,233539,29.791600000000003,33,-1,T_1,3,1,,,,
134,2019-04-01 10:47:20.952682,1,233540,29.791600000000003,37,-1,T_2,3,1,,,,
135,2019-04-01 10:47:23.384813,1,233541,29.0,29,1,T_4,3,2,,,,
136,2019-04-01 10:48:00.448618,1,233542,29.0,5,-1,T_1,3,-1,,,,
137,2019-04-01 10:48:37.449174,4,233542,29.0,2,-1,T_1,3,-1,T_1,29.0,2,2019-04-01 10:48:00
138,2019-04-01 10:48:37.449174,4,233542,29.0,1,-1,T_1,3,-1,T_1,29.0,1,2019-04-01 10:48:00
139,2019-04-01 10:48:37.449174,4,233542,29.0,1,-1,T_1,3,-1,T_1,29.0,1,2019-04-01 10:48:00
140,2019-04-01 10:48:37.449174,4,233542,29.0,1,-1,T_1,3,-1,T_1,29.0,1,2019-04-01 10:48:00
141,2019-04-01 10:48:37.449174,4,233456,29.0,2,1,T_1,3,2,T_1,29.0,2,2019-04-01 10:44:24
142,2019-04-01 10:48:37.449174,4,233469,29.0,1,1,T_2,3,2,T_1,29.0,2,2019-04-01 10:44:24
143,2019-04-01 10:48:37.449174,4,233477,29.0,1,1,T_2,3,2,T_1,29.0,2,2019-04-01 10:44:24
144,2019-04-01 10:48:37.449174,4,233492,29.0,1,1,T_2,3,2,T_1,29.0,2,2019-04-01 10:44:24
145,2019-04-01 10:56:53.498637,1,233543,29.0,4,-1,T_1,3,-1,,,,
146,2019-04-01 10:57:57.675101,4,233543,29.0,1,-1,T_1,3,-1,T_1,29.0,1,2019-04-01 10:56:53
147,2019-04-01 10:57:57.675101,4,233543,29.0,1,-1,T_1,3,-1,T_1,29.0,1,2019-04-01 10:56:53
148,2019-04-01 10:57:57.675101,4,233543,29.0,1,-1,T_1,3,-1,T_1,29.0,1,2019-04-01 10:56:53
149,2019-04-01 10:57:57.675101,4,233543,29.0,1,-1,T_1,3,-1,T_1,29.0,1,2019-04-01 10:56:53
150,2019-04-01 10:57:57.675101,4,233504,29.0,1,1,T_2,3,2,T_2,29.0,1,2019-04-01 10:46:00
151,2019-04-01 10:57:57.675101,4,233514,29.0,1,1,T_2,3,2,T_2,29.0,1,2019-04-01 10:46:00
152,2019-04-01 10:57:57.675101,4,233518,29.0,1,1,T_2,3,2,T_2,29.0,1,2019-04-01 10:46:00
153,2019-04-01 10:57:57.675101,4,233522,29.0,1,1,T_2,3,2,T_2,29.0,1,2019-04-01 10:46:00
154,2019-04-01 10:58:34.139794,1,233544,29.0,4,-1,T_1,3,-1,,,,
155,2019-04-01 10:58:36.104581,4,233544,29.0,1,-1,T_1,3,-1,T_1,29.0,1,2019-04-01 10:58:34
156,2019-04-01 10:58:36.104581,4,233544,29.0,3,-1,T_1,3,-1,T_1,29.0,3,2019-04-01 10:58:34
157,2019-04-01 10:58:36.104581,4,233526,29.0,1,1,T_2,3,1,T_2,29.0,1,2019-04-01 10:46:39
158,2019-04-01 10:58:36.104581,4,233480,29.0,3,1,T_3,3,1,T_2,29.0,1,2019-04-01 10:46:39
159,2019-04-01 10:58:38.528368,1,233545,29.791600000000003,1,-1,T_2,3,1,,,,
160,2019-04-01 10:58:39.207778,1,233546,30.1916,1,-1,T_2,3,2,,,,
161,2019-04-01 10:58:39.971338,1,233547,30.6916,1,-1,T_2,3,3,,,,
162,2019-04-01 10:58:44.839399,1,233548,30.9416,1,-1,T_2,3,4,,,,
163,2019-04-01 10:58:47.663549,1,233549,29.791600000000003,1,-1,T_2,3,1,,,,
164,2019-04-01 10:58:50.464143,1,233550,30.1916,1,-1,T_2,3,2,,,,
165,2019-04-01 10:58:51.205047,1,233551,30.6916,1,-1,T_2,3,3,,,,
166,2019-04-01 10:58:53.451850,1,233552,30.9416,1,-1,T_2,3,4,,,,
167,2019-04-01 10:58:55.126742,1,233553,29.0,1,1,T_2,3,1,,,,
168,2019-04-01 10:58:57.466121,1,233554,28.6916,1,1,T_2,3,2,,,,
169,2019-04-01 10:59:01.651788,1,233555,28.4416,1,1,T_2,3,3,,,,
170,2019-04-01 10:59:03.398298,1,233556,28.1916,1,1,T_2,3,4,,,,
171,2019-04-01 10:59:04.320373,1,233557,29.791600000000003,1,-1,T_2,3,1,,,,
172,2019-04-01 10:59:05.565220,1,233558,30.1916,1,-1,T_2,3,2,,,,
173,2019-04-01 10:59:06.329469,1,233559,30.6916,1,-1,T_2,3,3,,,,
174,2019-04-01 10:59:06.894467,1,233560,30.9416,1,-1,T_2,3,4,,,,
175,2019-04-01 10:59:07.576541,1,233561,29.791600000000003,1,-1,T_2,3,1,,,,
176,2019-04-01 10:59:08.281932,1,233562,30.1916,1,-1,T_2,3,2,,,,
177,2019-04-01 10:59:08.887962,1,233563,30.6916,1,-1,T_2,3,3,,,,
178,2019-04-01 10:59:09.598227,1,233564,30.9416,1,-1,T_2,3,4,,,,
179,2019-04-01 10:59:11.112906,1,233565,29.0,4,-1,T_3,3,-1,,,,
180,2019-04-01 10:59:13.494976,4,233565,29.0,4,-1,T_3,3,-1,T_3,29.0,4,2019-04-01 10:59:11
181,2019-04-01 10:59:13.494976,4,233480,29.0,4,1,T_3,3,1,T_3,29.0,4,2019-04-01 10:44:48
182,2019-04-01 10:59:26.360050,1,233566,29.0,3,-1,T_3,3,-1,,,,
183,2019-04-01 10:59:28.044795,4,233566,29.0,1,-1,T_3,3,-1,T_3,29.0,1,2019-04-01 10:59:26
184,2019-04-01 10:59:28.044795,4,233566,29.0,1,-1,T_3,3,-1,T_3,29.0,1,2019-04-01 10:59:26
185,2019-04-01 10:59:28.044795,4,233566,29.0,1,-1,T_3,3,-1,T_3,29.0,1,2019-04-01 10:59:26
186,2019-04-01 10:59:28.044795,4,233493,29.0,1,1,T_2,3,1,T_2,29.0,1,2019-04-01 10:45:46
187,2019-04-01 10:59:28.044795,4,233505,29.0,1,1,T_2,3,1,T_2,29.0,1,2019-04-01 10:45:46
188,2019-04-01 10:59:28.044795,4,233515,29.0,1,1,T_2,3,1,T_2,29.0,1,2019-04-01 10:45:46
189,2019-04-01 10:59:31.317447,1,233567,29.0,3,-1,T_3,3,-1,,,,
190,2019-04-01 10:59:32.117571,4,233567,29.0,1,-1,T_3,3,-1,T_3,29.0,1,2019-04-01 10:59:31
191,2019-04-01 10:59:32.117571,4,233567,29.0,1,-1,T_3,3,-1,T_3,29.0,1,2019-04-01 10:59:31
192,2019-04-01 10:59:32.117571,4,233567,29.0,1,-1,T_3,3,-1,T_3,29.0,1,2019-04-01 10:59:31
193,2019-04-01 10:59:32.117571,4,233519,29.0,1,1,T_2,3,1,T_2,29.0,1,2019-04-01 10:46:34
194,2019-04-01 10:59:32.117571,4,233523,29.0,1,1,T_2,3,1,T_2,29.0,1,2019-04-01 10:46:34
195,2019-04-01 10:59:32.117571,4,233527,29.0,1,1,T_2,3,1,T_2,29.0,1,2019-04-01 10:46:34
196,2019-04-01 10:59:40.644132,1,233568,29.0,3,-1,T_1,3,-1,,,,
197,2019-04-01 10:59:41.609396,4,233568,29.0,3,-1,T_1,3,-1,T_1,29.0,3,2019-04-01 10:59:41
198,2019-04-01 10:59:41.609396,4,233541,29.0,3,1,T_4,3,1,T_4,29.0,3,2019-04-01 10:47:23
199,2019-04-01 10:59:42.671893,1,233569,29.0,2,-1,T_1,3,-1,,,,
200,2019-04-01 10:59:43.401484,4,233569,29.0,2,-1,T_1,3,-1,T_1,29.0,2,2019-04-01 10:59:43
201,2019-04-01 10:59:43.401484,4,233541,29.0,2,1,T_4,3,1,T_4,29.0,2,2019-04-01 10:47:23
202,2019-04-01 10:59:44.195588,1,233570,29.0,2,-1,T_1,3,-1,,,,
203,2019-04-01 10:59:45.088088,4,233570,29.0,2,-1,T_1,3,-1,T_1,29.0,2,2019-04-01 10:59:44
204,2019-04-01 10:59:45.088088,4,233541,29.0,2,1,T_4,3,1,T_4,29.0,2,2019-04-01 10:47:23
205,2019-04-01 10:59:45.821208,1,233571,29.0,2,-1,T_1,3,-1,,,,
206,2019-04-01 10:59:46.437991,4,233571,29.0,2,-1,T_1,3,-1,T_1,29.0,2,2019-04-01 10:59:46
207,2019-04-01 10:59:46.437991,4,233541,29.0,2,1,T_4,3,1,T_4,29.0,2,2019-04-01 10:47:23
208,2019-04-01 10:59:47.064494,1,233572,29.0,2,-1,T_1,3,-1,,,,
209,2019-04-01 10:59:47.631346,4,233572,29.0,2,-1,T_1,3,-1,T_1,29.0,2,2019-04-01 10:59:47
210,2019-04-01 10:59:47.631346,4,233541,29.0,2,1,T_4,3,1,T_4,29.0,2,2019-04-01 10:47:23
211,2019-04-01 10:59:48.250397,1,233573,29.0,1,1,T_2,3,1,,,,
212,2019-04-01 10:59:48.908752,1,233574,28.6916,1,1,T_2,3,2,,,,
213,2019-04-01 10:59:49.473447,1,233575,28.4416,1,1,T_2,3,3,,,,
214,2019-04-01 10:59:51.068828,1,233576,28.1916,1,1,T_2,3,4,,,,
215,2019-04-01 10:59:52.088379,1,233577,29.0,2,-1,T_3,3,-1,,,,
216,2019-04-01 10:59:52.800324,4,233577,29.0,2,-1,T_3,3,-1,T_3,29.0,2,2019-04-01 10:59:52
217,2019-04-01 10:59:52.800324,4,233541,29.0,2,1,T_4,3,1,T_4,29.0,2,2019-04-01 10:47:23
218,2019-04-01 10:59:53.688180,1,233578,29.0,1,-1,T_3,3,-1,,,,
219,2019-04-01 10:59:57.757940,4,233578,29.0,1,-1,T_3,3,-1,T_3,29.0,1,2019-04-01 10:59:54
220,2019-04-01 10:59:57.757940,4,233541,29.0,1,1,T_4,3,1,T_4,29.0,1,2019-04-01 10:47:23
221,2019-04-01 11:00:39.520708,1,233579,29.0,1,-1,T_3,3,-1,,,,
222,2019-04-01 11:00:55.012749,4,233579,29.0,1,-1,T_3,3,-1,T_3,29.0,1,2019-04-01 11:00:40
223,2019-04-01 11:00:55.012749,4,233541,29.0,1,1,T_4,3,1,T_4,29.0,1,2019-04-01 10:47:23
224,2019-04-01 11:00:58.146863,1,233580,29.0,1,-1,T_3,3,-1,,,,
225,2019-04-01 11:01:01.722776,4,233580,29.0,1,-1,T_3,3,-1,T_3,29.0,1,2019-04-01 11:00:58
226,2019-04-01 11:01:01.722776,4,233541,29.0,1,1,T_4,3,1,T_4,29.0,1,2019-04-01 10:47:23
227,2019-04-01 11:01:02.798143,1,233581,29.0,26,1,T_3,3,1,,,,
228,2019-04-01 11:01:06.893696,1,233582,29.0,1,-1,T_4,3,-1,,,,
229,2019-04-01 11:01:12.242721,4,233582,29.0,1,-1,T_4,3,-1,T_4,29.0,1,2019-04-01 11:01:07
230,2019-04-01 11:01:12.242721,4,233541,29.0,1,1,T_4,3,1,T_4,29.0,1,2019-04-01 10:47:23
231,2019-04-01 11:01:13.025484,1,233583,29.791600000000003,37,-1,T_1,3,1,,,,
232,2019-04-01 11:01:14.759720,1,233584,29.791600000000003,1,-1,T_6,3,1,,,,
233,2019-04-01 11:01:15.673506,1,233585,29.791600000000003,30,-1,T_1,3,1,,,,
234,2019-04-01 11:01:17.890194,2,233584,30.0,1,-1,T_6,3,-1,,,,
235,2019-04-01 11:01:17.906380,1,233586,29.791600000000003,1,-1,T_4,3,1,,,,
236,2019-04-01 11:01:19.868196,1,233587,29.791600000000003,35,-1,T_2,3,1,,,,
237,2019-04-01 11:01:20.830332,2,233586,30.0,1,-1,T_4,3,-1,,,,
238,2019-04-01 11:01:21.649324,2,233582,29.0,1,-1,T_4,3,-1,,,,
239,2019-04-01 11:01:22.514253,2,233584,30.0,1,-1,T_6,3,-1,,,,
240,2019-04-01 11:01:23.190791,2,233586,30.0,1,-1,T_4,3,-1,,,,
241,2019-04-01 11:01:23.200423,1,233588,29.791600000000003,29,-1,T_3,3,1,,,,
242,2019-04-01 11:01:24.005138,1,233589,29.791600000000003,38,-1,T_2,3,1,,,,
243,2019-04-01 11:01:27.883871,1,233590,29.0,28,1,T_4,3,1,,,,
244,2019-04-01 11:01:32.347151,1,233591,29.0,6,-1,T_1,3,-1,,,,
245,2019-04-01 11:01:33.455093,4,233591,29.0,6,-1,T_1,3,-1,T_1,29.0,6,2019-04-01 11:01:32
246,2019-04-01 11:01:33.455093,4,233541,29.0,6,1,T_4,3,1,T_4,29.0,6,2019-04-01 10:47:23
247,2019-04-01 11:01:46.790444,1,233592,29.0,6,-1,T_1,3,-1,,,,
248,2019-04-01 11:02:04.530231,4,233592,29.0,6,-1,T_1,3,-1,T_1,29.0,6,2019-04-01 11:01:47
249,2019-04-01 11:02:04.530231,4,233541,29.0,6,1,T_4,3,1,T_4,29.0,6,2019-04-01 10:47:23
250,2019-04-01 11:02:17.007460,1,233593,29.0,5,-1,T_1,3,-1,,,,
251,2019-04-01 11:02:19.654386,4,233593,29.0,1,-1,T_1,3,-1,T_1,29.0,1,2019-04-01 11:02:17
252,2019-04-01 11:02:19.654386,4,233593,29.0,1,-1,T_1,3,-1,T_1,29.0,1,2019-04-01 11:02:17
253,2019-04-01 11:02:19.654386,4,233593,29.0,3,-1,T_1,3,-1,T_1,29.0,3,2019-04-01 11:02:17
254,2019-04-01 11:02:19.654386,4,233553,29.0,1,1,T_2,3,1,T_2,29.0,1,2019-04-01 10:58:55
255,2019-04-01 11:02:19.654386,4,233573,29.0,1,1,T_2,3,1,T_2,29.0,1,2019-04-01 10:58:55
256,2019-04-01 11:02:19.654386,4,233581,29.0,3,1,T_3,3,1,T_2,29.0,1,2019-04-01 10:58:55
257,2019-04-01 11:02:23.668489,1,233594,29.0,5,-1,T_1,3,-1,,,,
258,2019-04-01 11:02:24.116120,4,233594,29.0,5,-1,T_1,3,-1,T_1,29.0,5,2019-04-01 11:02:24
259,2019-04-01 11:02:24.116120,4,233581,29.0,5,1,T_3,3,1,T_3,29.0,5,2019-04-01 11:01:03
260,2019-04-01 11:02:24.758555,1,233595,29.0,1,1,T_2,3,1,,,,
261,2019-04-01 11:02:25.304094,1,233596,28.6916,1,1,T_2,3,2,,,,
262,2019-04-01 11:02:25.899746,1,233597,28.4416,1,1,T_2,3,3,,,,
263,2019-04-01 11:02:26.573226,1,233598,28.1916,1,1,T_2,3,4,,,,
264,2019-04-01 11:02:27.425144,1,233599,29.0,1,1,T_2,3,1,,,,
265,2019-04-01 11:02:28.050917,1,233600,28.6916,1,1,T_2,3,2,,,,
266,2019-04-01 11:02:28.620767,1,233601,28.4416,1,1,T_2,3,3,,,,
267,2019-04-01 11:02:29.303464,1,233602,28.1916,1,1,T_2,3,4,,,,
268,2019-04-01 11:02:29.885043,1,233603,29.791600000000003,1,-1,T_2,3,1,,,,
269,2019-04-01 11:02:30.546575,1,233604,30.1916,1,-1,T_2,3,2,,,,
270,2019-04-01 11:02:31.196643,1,233605,30.6916,1,-1,T_2,3,3,,,,
271,2019-04-01 11:02:31.799508,1,233606,30.9416,1,-1,T_2,3,4,,,,
272,2019-04-01 11:02:32.575293,1,233607,29.791600000000003,1,-1,T_2,3,1,,,,
273,2019-04-01 11:02:33.236062,1,233608,30.1916,1,-1,T_2,3,2,,,,
274,2019-04-01 11:02:35.404898,1,233609,30.6916,1,-1,T_2,3,3,,,,
275,2019-04-01 11:02:38.692961,1,233610,30.9416,1,-1,T_2,3,4,,,,
276,2019-04-01 11:02:40.760870,1,233611,29.0,4,-1,T_3,3,-1,,,,
277,2019-04-01 11:02:42.166198,4,233611,29.0,4,-1,T_3,3,-1,T_3,29.0,4,2019-04-01 11:02:41
278,2019-04-01 11:02:42.166198,4,233581,29.0,4,1,T_3,3,1,T_3,29.0,4,2019-04-01 11:01:03
279,2019-04-01 11:02:48.674425,1,233612,29.0,4,-1,T_3,3,-1,,,,
280,2019-04-01 11:02:49.825727,4,233612,29.0,4,-1,T_3,3,-1,T_3,29.0,4,2019-04-01 11:02:49
281,2019-04-01 11:02:49.825727,4,233581,29.0,4,1,T_3,3,1,T_3,29.0,4,2019-04-01 11:01:03
282,2019-04-01 11:02:52.126315,1,233613,29.0,4,-1,T_3,3,-1,,,,
283,2019-04-01 11:02:55.351582,4,233613,29.0,4,-1,T_3,3,-1,T_3,29.0,4,2019-04-01 11:02:52
284,2019-04-01 11:02:55.351582,4,233581,29.0,4,1,T_3,3,1,T_3,29.0,4,2019-04-01 11:01:03
285,2019-04-01 11:02:57.596713,1,233614,29.0,3,-1,T_3,3,-1,,,,
286,2019-04-01 11:02:59.632572,4,233614,29.0,3,-1,T_3,3,-1,T_3,29.0,3,2019-04-01 11:02:58
287,2019-04-01 11:02:59.632572,4,233581,29.0,3,1,T_3,3,1,T_3,29.0,3,2019-04-01 11:01:03
288,2019-04-01 11:03:04.671296,1,233615,29.0,117,1,T_9,3,1,,,,
289,2019-04-01 11:03:05.412180,1,233616,29.0,34,1,T_1,3,1,,,,
290,2019-04-01 11:03:06.053767,1,233617,29.791600000000003,27,-1,T_1,3,1,,,,
291,2019-04-01 11:03:06.867703,1,233618,29.791600000000003,39,1,T_4,3,-1,,,,
292,2019-04-01 11:03:07.448742,4,233460,29.79,39,-1,T_1,3,1,T_1,29.79,39,2019-04-01 10:44:27
293,2019-04-01 11:03:07.448742,4,233618,29.79,39,1,T_4,3,-1,T_4,29.79,39,2019-04-01 11:03:07
294,2019-04-01 11:03:08.364687,1,233619,29.791600000000003,26,1,T_3,3,-1,,,,
295,2019-04-01 11:03:09.772862,4,233472,29.79,1,-1,T_2,3,1,T_2,29.79,1,2019-04-01 10:44:43
296,2019-04-01 11:03:09.772862,4,233488,29.79,1,-1,T_2,3,1,T_2,29.79,1,2019-04-01 10:44:43
297,2019-04-01 11:03:09.772862,4,233496,29.79,1,-1,T_2,3,1,T_2,29.79,1,2019-04-01 10:44:43
298,2019-04-01 11:03:09.772862,4,233500,29.79,1,-1,T_2,3,1,T_2,29.79,1,2019-04-01 10:44:43
299,2019-04-01 11:03:09.772862,4,233534,29.79,22,-1,T_2,3,1,T_2,29.79,1,2019-04-01 10:44:43
300,2019-04-01 11:03:09.772862,4,233619,29.79,1,1,T_3,3,-1,T_3,29.79,1,2019-04-01 11:03:08
301,2019-04-01 11:03:09.772862,4,233619,29.79,1,1,T_3,3,-1,T_3,29.79,1,2019-04-01 11:03:08
302,2019-04-01 11:03:09.772862,4,233619,29.79,1,1,T_3,3,-1,T_3,29.79,1,2019-04-01 11:03:08
303,2019-04-01 11:03:09.772862,4,233619,29.79,1,1,T_3,3,-1,T_3,29.79,1,2019-04-01 11:03:08
304,2019-04-01 11:03:09.772862,4,233619,29.79,22,1,T_3,3,-1,T_3,29.79,22,2019-04-01 11:03:08
305,2019-04-01 11:03:20.679254,1,233620,29.0,31,1,T_3,3,1,,,,
306,2019-04-01 11:03:23.780862,1,233621,29.0,117,-1,T_4,3,-1,,,,
307,2019-04-01 11:03:25.128832,4,233621,29.0,3,-1,T_4,3,-1,T_4,29.0,3,2019-04-01 11:03:24
308,2019-04-01 11:03:25.128832,4,233621,29.0,28,-1,T_4,3,-1,T_4,29.0,28,2019-04-01 11:03:24
309,2019-04-01 11:03:25.128832,4,233621,29.0,1,-1,T_4,3,-1,T_4,29.0,1,2019-04-01 11:03:24
310,2019-04-01 11:03:25.128832,4,233621,29.0,1,-1,T_4,3,-1,T_4,29.0,1,2019-04-01 11:03:24
311,2019-04-01 11:03:25.128832,4,233621,29.0,84,-1,T_4,3,-1,T_4,29.0,84,2019-04-01 11:03:24
312,2019-04-01 11:03:25.128832,4,233581,29.0,3,1,T_3,3,1,T_3,29.0,3,2019-04-01 11:01:03
313,2019-04-01 11:03:25.128832,4,233590,29.0,28,1,T_4,3,1,T_3,29.0,3,2019-04-01 11:01:03
314,2019-04-01 11:03:25.128832,4,233595,29.0,1,1,T_2,3,1,T_3,29.0,3,2019-04-01 11:01:03
315,2019-04-01 11:03:25.128832,4,233599,29.0,1,1,T_2,3,1,T_3,29.0,3,2019-04-01 11:01:03
316,2019-04-01 11:03:25.128832,4,233615,29.0,84,1,T_9,3,1,T_3,29.0,3,2019-04-01 11:01:03
317,2019-04-01 11:03:30.937933,1,233622,29.0,1,-1,T_4,3,-1,,,,
318,2019-04-01 11:03:33.791148,4,233622,29.0,1,-1,T_4,3,-1,T_4,29.0,1,2019-04-01 11:03:31
319,2019-04-01 11:03:33.791148,4,233615,29.0,1,1,T_9,3,1,T_9,29.0,1,2019-04-01 11:03:05
320,2019-04-01 11:03:34.444179,1,233623,29.791600000000003,32,-1,T_1,3,1,,,,
321,2019-04-01 11:03:35.070117,1,233624,29.791600000000003,1,-1,T_4,3,1,,,,
322,2019-04-01 11:03:36.063786,1,233625,29.791600000000003,30,-1,T_2,3,1,,,,
323,2019-04-01 11:03:37.324489,2,233624,30.0,1,-1,T_4,3,-1,,,,
324,2019-04-01 11:03:37.341509,1,233626,29.791600000000003,1,-1,T_6,3,1,,,,
325,2019-04-01 11:03:38.688446,1,233627,29.791600000000003,28,-1,T_2,3,1,,,,
326,2019-04-01 11:03:39.494024,2,233626,30.0,1,-1,T_6,3,-1,,,,
327,2019-04-01 11:03:40.237026,2,233622,29.0,1,-1,T_4,3,-1,,,,
328,2019-04-01 11:03:41.008246,2,233624,30.0,1,-1,T_4,3,-1,,,,
329,2019-04-01 11:03:41.624970,2,233626,30.0,1,-1,T_6,3,-1,,,,
330,2019-04-01 11:03:41.822370,1,233628,29.791600000000003,34,-1,T_2,3,1,,,,
331,2019-04-01 11:03:58.065495,1,233629,29.791600000000003,31,-1,T_3,3,1,,,,
332,2019-04-01 11:04:01.401349,1,233630,29.0,28,1,T_4,3,1,,,,
333,2019-04-01 11:04:08.660896,1,233631,29.0,12,-1,T_1,3,-1,,,,
334,2019-04-01 11:04:09.316420,4,233631,29.0,12,-1,T_1,3,-1,T_1,29.0,12,2019-04-01 11:04:09
335,2019-04-01 11:04:09.316420,4,233615,29.0,12,1,T_9,3,1,T_9,29.0,12,2019-04-01 11:03:05
336,2019-04-01 11:04:11.265098,1,233632,29.0,11,-1,T_1,3,-1,,,,
337,2019-04-01 11:04:12.073423,4,233632,29.0,11,-1,T_1,3,-1,T_1,29.0,11,2019-04-01 11:04:11
338,2019-04-01 11:04:12.073423,4,233615,29.0,11,1,T_9,3,1,T_9,29.0,11,2019-04-01 11:03:05
339,2019-04-01 11:04:12.700233,1,233633,29.0,10,-1,T_1,3,-1,,,,
340,2019-04-01 11:04:13.376525,4,233633,29.0,9,-1,T_1,3,-1,T_1,29.0,9,2019-04-01 11:04:13
341,2019-04-01 11:04:13.376525,4,233633,29.0,1,-1,T_1,3,-1,T_1,29.0,1,2019-04-01 11:04:13
342,2019-04-01 11:04:13.376525,4,233615,29.0,9,1,T_9,3,1,T_9,29.0,9,2019-04-01 11:03:05
343,2019-04-01 11:04:13.376525,4,233616,29.0,1,1,T_1,3,1,T_9,29.0,9,2019-04-01 11:03:05
344,2019-04-01 11:04:14.573445,1,233634,29.0,1,1,T_2,3,1,,,,
345,2019-04-01 11:04:15.143809,1,233635,28.6916,1,1,T_2,3,2,,,,
346,2019-04-01 11:04:15.717189,1,233636,28.4416,1,1,T_2,3,3,,,,
347,2019-04-01 11:04:16.364056,1,233637,28.1916,1,1,T_2,3,4,,,,
348,2019-04-01 11:04:16.952081,1,233638,29.0,1,1,T_2,3,1,,,,
349,2019-04-01 11:04:17.511032,1,233639,28.6916,1,1,T_2,3,2,,,,
350,2019-04-01 11:04:18.160219,1,233640,28.4416,1,1,T_2,3,3,,,,
351,2019-04-01 11:04:18.751888,1,233641,28.1916,1,1,T_2,3,4,,,,
352,2019-04-01 11:04:19.323332,1,233642,29.791600000000003,1,-1,T_2,3,1,,,,
353,2019-04-01 11:04:19.957459,1,233643,30.1916,1,-1,T_2,3,2,,,,
354,2019-04-01 11:04:20.747616,1,233644,30.6916,1,-1,T_2,3,3,,,,
355,2019-04-01 11:04:22.305587,1,233645,30.9416,1,-1,T_2,3,4,,,,
356,2019-04-01 11:04:22.889746,1,233646,29.0,9,-1,T_3,3,-1,,,,
357,2019-04-01 11:04:23.473209,4,233646,29.0,9,-1,T_3,3,-1,T_3,29.0,9,2019-04-01 11:04:23
358,2019-04-01 11:04:23.473209,4,233616,29.0,9,1,T_1,3,1,T_1,29.0,9,2019-04-01 11:03:05
359,2019-04-01 11:04:24.407778,1,233647,29.0,8,-1,T_3,3,-1,,,,
360,2019-04-01 11:04:25.052292,4,233647,29.0,8,-1,T_3,3,-1,T_3,29.0,8,2019-04-01 11:04:24
361,2019-04-01 11:04:25.052292,4,233616,29.0,8,1,T_1,3,1,T_1,29.0,8,2019-04-01 11:03:05
362,2019-04-01 11:04:25.710326,1,233648,29.0,7,-1,T_3,3,-1,,,,
363,2019-04-01 11:04:28.054672,4,233648,29.0,7,-1,T_3,3,-1,T_3,29.0,7,2019-04-01 11:04:26
364,2019-04-01 11:04:28.054672,4,233616,29.0,7,1,T_1,3,1,T_1,29.0,7,2019-04-01 11:03:05
365,2019-04-01 11:04:29.672127,1,233649,29.0,7,-1,T_3,3,-1,,,,
366,2019-04-01 11:04:30.508304,4,233649,29.0,7,-1,T_3,3,-1,T_3,29.0,7,2019-04-01 11:04:30
367,2019-04-01 11:04:30.508304,4,233616,29.0,7,1,T_1,3,1,T_1,29.0,7,2019-04-01 11:03:05
368,2019-04-01 11:04:34.916084,1,233650,29.791600000000003,26,-1,T_9,3,1,,,,
369,2019-04-01 11:04:35.791551,1,233651,29.791600000000003,26,1,T_4,3,-1,,,,
370,2019-04-01 11:04:36.857107,4,233534,29.79,13,-1,T_2,3,1,T_2,29.79,13,2019-04-01 10:47:01
371,2019-04-01 11:04:36.857107,4,233536,29.79,13,-1,T_1,3,1,T_2,29.79,13,2019-04-01 10:47:01
372,2019-04-01 11:04:36.857107,4,233651,29.79,13,1,T_4,3,-1,T_4,29.79,13,2019-04-01 11:04:36
373,2019-04-01 11:04:36.857107,4,233651,29.79,13,1,T_4,3,-1,T_4,29.79,13,2019-04-01 11:04:36
374,2019-04-01 11:04:38.099443,1,233652,29.0,6,-1,T_1,3,-1,,,,
375,2019-04-01 11:04:38.959508,4,233652,29.0,2,-1,T_1,3,-1,T_1,29.0,2,2019-04-01 11:04:38
376,2019-04-01 11:04:38.959508,4,233652,29.0,4,-1,T_1,3,-1,T_1,29.0,4,2019-04-01 11:04:38
377,2019-04-01 11:04:38.959508,4,233616,29.0,2,1,T_1,3,1,T_1,29.0,2,2019-04-01 11:03:05
378,2019-04-01 11:04:38.959508,4,233620,29.0,4,1,T_3,3,1,T_1,29.0,2,2019-04-01 11:03:05
379,2019-04-01 11:04:40.404839,1,233653,29.0,5,-1,T_1,3,-1,,,,
380,2019-04-01 11:04:40.980191,4,233653,29.0,5,-1,T_1,3,-1,T_1,29.0,5,2019-04-01 11:04:40
381,2019-04-01 11:04:40.980191,4,233620,29.0,5,1,T_3,3,1,T_3,29.0,5,2019-04-01 11:03:21
382,2019-04-01 11:04:41.647758,1,233654,29.0,5,-1,T_1,3,-1,,,,
383,2019-04-01 11:04:42.235695,4,233654,29.0,5,-1,T_1,3,-1,T_1,29.0,5,2019-04-01 11:04:42
384,2019-04-01 11:04:42.235695,4,233620,29.0,5,1,T_3,3,1,T_3,29.0,5,2019-04-01 11:03:21
385,2019-04-01 11:04:42.840966,1,233655,29.0,4,-1,T_1,3,-1,,,,
386,2019-04-01 11:04:43.389792,4,233655,29.0,4,-1,T_1,3,-1,T_1,29.0,4,2019-04-01 11:04:43
387,2019-04-01 11:04:43.389792,4,233620,29.0,4,1,T_3,3,1,T_3,29.0,4,2019-04-01 11:03:21
388,2019-04-01 11:04:44.020437,1,233656,29.0,1,1,T_2,3,1,,,,
389,2019-04-01 11:04:44.657122,1,233657,28.6916,1,1,T_2,3,2,,,,
390,2019-04-01 11:04:46.055379,1,233658,28.4416,1,1,T_2,3,3,,,,
391,2019-04-01 11:04:46.834984,1,233659,28.1916,1,1,T_2,3,4,,,,
392,2019-04-01 11:04:47.458922,1,233660,29.791600000000003,1,-1,T_2,3,1,,,,
393,2019-04-01 11:04:48.073881,1,233661,30.1916,1,-1,T_2,3,2,,,,
394,2019-04-01 11:04:48.711141,1,233662,30.6916,1,-1,T_2,3,3,,,,
395,2019-04-01 11:04:49.334466,1,233663,30.9416,1,-1,T_2,3,4,,,,
396,2019-04-01 11:04:51.487441,1,233664,29.0,1,1,T_2,3,1,,,,
397,2019-04-01 11:04:52.140527,1,233665,28.6916,1,1,T_2,3,2,,,,
398,2019-04-01 11:04:55.771609,1,233666,28.4416,1,1,T_2,3,3,,,,
399,2019-04-01 11:04:57.881714,1,233667,28.1916,1,1,T_2,3,4,,,,
400,2019-04-01 11:05:00.187311,1,233668,29.791600000000003,1,-1,T_2,3,1,,,,
401,2019-04-01 11:05:00.717220,1,233669,30.1916,1,-1,T_2,3,2,,,,
402,2019-04-01 11:05:01.765229,1,233670,30.6916,1,-1,T_2,3,3,,,,
403,2019-04-01 11:05:02.875634,1,233671,30.9416,1,-1,T_2,3,4,,,,
404,2019-04-01 11:05:03.430628,1,233672,29.791600000000003,1,-1,T_2,3,1,,,,
405,2019-04-01 11:05:03.967618,1,233673,30.1916,1,-1,T_2,3,2,,,,
406,2019-04-01 11:05:05.024398,1,233674,30.6916,1,-1,T_2,3,3,,,,
407,2019-04-01 11:05:05.571994,1,233675,30.9416,1,-1,T_2,3,4,,,,
408,2019-04-01 11:05:06.955301,1,233676,29.0,4,-1,T_3,3,-1,,,,
409,2019-04-01 11:05:07.836965,4,233676,29.0,4,-1,T_3,3,-1,T_3,29.0,4,2019-04-01 11:05:07
410,2019-04-01 11:05:07.836965,4,233620,29.0,4,1,T_3,3,1,T_3,29.0,4,2019-04-01 11:03:21
411,2019-04-01 11:05:13.916729,1,233677,29.0,4,-1,T_3,3,-1,,,,
412,2019-04-01 11:05:14.499821,4,233677,29.0,4,-1,T_3,3,-1,T_3,29.0,4,2019-04-01 11:05:14
413,2019-04-01 11:05:14.499821,4,233620,29.0,4,1,T_3,3,1,T_3,29.0,4,2019-04-01 11:03:21
414,2019-04-01 11:05:15.089164,1,233678,29.0,3,-1,T_3,3,-1,,,,
415,2019-04-01 11:05:15.637115,4,233678,29.0,3,-1,T_3,3,-1,T_3,29.0,3,2019-04-01 11:05:15
416,2019-04-01 11:05:15.637115,4,233620,29.0,3,1,T_3,3,1,T_3,29.0,3,2019-04-01 11:03:21
417,2019-04-01 11:05:16.441883,1,233679,29.0,55,1,T_3,3,1,,,,
418,2019-04-01 11:05:17.037519,1,233680,29.0,8,-1,T_3,3,-1,,,,
419,2019-04-01 11:05:18.068198,4,233680,29.0,2,-1,T_3,3,-1,T_3,29.0,2,2019-04-01 11:05:17
420,2019-04-01 11:05:18.068198,4,233680,29.0,6,-1,T_3,3,-1,T_3,29.0,6,2019-04-01 11:05:17
421,2019-04-01 11:05:18.068198,4,233620,29.0,2,1,T_3,3,1,T_3,29.0,2,2019-04-01 11:03:21
422,2019-04-01 11:05:18.068198,4,233630,29.0,6,1,T_4,3,1,T_3,29.0,2,2019-04-01 11:03:21
423,2019-04-01 11:05:23.027127,1,233681,29.0,81,1,T_6,3,1,,,,
424,2019-04-01 11:05:23.719620,1,233682,29.0,28,1,T_1,3,1,,,,
425,2019-04-01 11:05:27.455621,1,233683,29.791600000000003,26,-1,T_1,3,1,,,,
426,2019-04-01 11:05:37.925479,1,233684,29.791600000000003,35,1,T_9,3,-1,,,,
427,2019-04-01 11:05:38.653374,4,233536,29.79,16,-1,T_1,3,1,T_1,29.79,16,2019-04-01 10:47:03
428,2019-04-01 11:05:38.653374,4,233538,29.79,19,-1,T_3,3,1,T_1,29.79,16,2019-04-01 10:47:03
429,2019-04-01 11:05:38.653374,4,233684,29.79,16,1,T_9,3,-1,T_9,29.79,16,2019-04-01 11:05:38
430,2019-04-01 11:05:38.653374,4,233684,29.79,19,1,T_9,3,-1,T_9,29.79,19,2019-04-01 11:05:38
431,2019-04-01 11:05:55.725557,1,233685,29.791600000000003,29,1,T_3,3,-1,,,,
432,2019-04-01 11:05:59.159341,4,233538,29.79,18,-1,T_3,3,1,T_3,29.79,18,2019-04-01 10:47:06
433,2019-04-01 11:05:59.159341,4,233539,29.79,11,-1,T_1,3,1,T_3,29.79,18,2019-04-01 10:47:06
434,2019-04-01 11:05:59.159341,4,233685,29.79,18,1,T_3,3,-1,T_3,29.79,18,2019-04-01 11:05:56
435,2019-04-01 11:05:59.159341,4,233685,29.79,11,1,T_3,3,-1,T_3,29.79,11,2019-04-01 11:05:56
436,2019-04-01 11:06:00.647750,1,233686,29.0,36,1,T_2,3,1,,,,
437,2019-04-01 11:06:03.574263,1,233687,29.0,81,-1,T_4,3,-1,,,,
438,2019-04-01 11:06:04.255135,4,233687,29.0,22,-1,T_4,3,-1,T_4,29.0,22,2019-04-01 11:06:04
439,2019-04-01 11:06:04.255135,4,233687,29.0,1,-1,T_4,3,-1,T_4,29.0,1,2019-04-01 11:06:04
440,2019-04-01 11:06:04.255135,4,233687,29.0,1,-1,T_4,3,-1,T_4,29.0,1,2019-04-01 11:06:04
441,2019-04-01 11:06:04.255135,4,233687,29.0,1,-1,T_4,3,-1,T_4,29.0,1,2019-04-01 11:06:04
442,2019-04-01 11:06:04.255135,4,233687,29.0,1,-1,T_4,3,-1,T_4,29.0,1,2019-04-01 11:06:04
443,2019-04-01 11:06:04.255135,4,233687,29.0,55,-1,T_4,3,-1,T_4,29.0,55,2019-04-01 11:06:04
444,2019-04-01 11:06:04.255135,4,233630,29.0,22,1,T_4,3,1,T_4,29.0,22,2019-04-01 11:04:01
445,2019-04-01 11:06:04.255135,4,233634,29.0,1,1,T_2,3,1,T_4,29.0,22,2019-04-01 11:04:01
446,2019-04-01 11:06:04.255135,4,233638,29.0,1,1,T_2,3,1,T_4,29.0,22,2019-04-01 11:04:01
447,2019-04-01 11:06:04.255135,4,233656,29.0,1,1,T_2,3,1,T_4,29.0,22,2019-04-01 11:04:01
448,2019-04-01 11:06:04.255135,4,233664,29.0,1,1,T_2,3,1,T_4,29.0,22,2019-04-01 11:04:01
449,2019-04-01 11:06:04.255135,4,233679,29.0,55,1,T_3,3,1,T_4,29.0,22,2019-04-01 11:04:01
450,2019-04-01 11:06:09.413562,1,233688,29.0,14,-1,T_1,3,-1,,,,
451,2019-04-01 11:06:10.714093,4,233688,29.0,14,-1,T_1,3,-1,T_1,29.0,14,2019-04-01 11:06:09
452,2019-04-01 11:06:10.714093,4,233681,29.0,14,1,T_6,3,1,T_6,29.0,14,2019-04-01 11:05:23
453,2019-04-01 11:06:11.511876,1,233689,29.0,13,-1,T_1,3,-1,,,,
454,2019-04-01 11:06:12.320229,4,233689,29.0,13,-1,T_1,3,-1,T_1,29.0,13,2019-04-01 11:06:12
455,2019-04-01 11:06:12.320229,4,233681,29.0,13,1,T_6,3,1,T_6,29.0,13,2019-04-01 11:05:23
456,2019-04-01 11:06:13.983852,1,233690,29.0,52,1,T_1,3,1,,,,
457,2019-04-01 11:06:14.878108,1,233691,29.0,17,-1,T_1,3,-1,,,,
458,2019-04-01 11:06:15.450412,4,233691,29.0,17,-1,T_1,3,-1,T_1,29.0,17,2019-04-01 11:06:15
459,2019-04-01 11:06:15.450412,4,233681,29.0,17,1,T_6,3,1,T_6,29.0,17,2019-04-01 11:05:23
460,2019-04-01 11:06:16.081776,1,233692,29.0,1,1,T_2,3,1,,,,
461,2019-04-01 11:06:16.894891,1,233693,28.6916,1,1,T_2,3,2,,,,
462,2019-04-01 11:06:17.478888,1,233694,28.4416,1,1,T_2,3,3,,,,
463,2019-04-01 11:06:19.325560,1,233695,28.1916,1,1,T_2,3,4,,,,
464,2019-04-01 11:06:20.595367,1,233696,29.0,1,1,T_2,3,1,,,,
465,2019-04-01 11:06:21.165212,1,233697,28.6916,1,1,T_2,3,2,,,,
466,2019-04-01 11:06:21.815480,1,233698,28.4416,1,1,T_2,3,3,,,,
467,2019-04-01 11:06:23.441657,1,233699,28.1916,1,1,T_2,3,4,,,,
468,2019-04-01 11:06:24.747410,1,233700,29.791600000000003,1,-1,T_2,3,1,,,,
469,2019-04-01 11:06:26.298577,1,233701,30.1916,1,-1,T_2,3,2,,,,
470,2019-04-01 11:06:27.301937,1,233702,30.6916,1,-1,T_2,3,3,,,,
471,2019-04-01 11:06:27.954429,1,233703,30.9416,1,-1,T_2,3,4,,,,
472,2019-04-01 11:06:29.185303,1,233704,29.0,1,1,T_2,3,1,,,,
473,2019-04-01 11:06:29.769235,1,233705,28.6916,1,1,T_2,3,2,,,,
474,2019-04-01 11:06:30.299014,1,233706,28.4416,1,1,T_2,3,3,,,,
475,2019-04-01 11:06:31.175339,1,233707,28.1916,1,1,T_2,3,4,,,,
476,2019-04-01 11:06:31.694717,1,233708,29.791600000000003,1,-1,T_2,3,1,,,,
477,2019-04-01 11:06:32.345135,1,233709,30.1916,1,-1,T_2,3,2,,,,
478,2019-04-01 11:06:32.992371,1,233710,30.6916,1,-1,T_2,3,3,,,,
479,2019-04-01 11:06:33.588898,1,233711,30.9416,1,-1,T_2,3,4,,,,
480,2019-04-01 11:06:34.706008,1,233712,29.0,15,-1,T_3,3,-1,,,,
481,2019-04-01 11:06:35.631493,4,233712,29.0,15,-1,T_3,3,-1,T_3,29.0,15,2019-04-01 11:06:35
482,2019-04-01 11:06:35.631493,4,233681,29.0,15,1,T_6,3,1,T_6,29.0,15,2019-04-01 11:05:23
483,2019-04-01 11:06:41.505448,1,233713,29.0,14,-1,T_3,3,-1,,,,
484,2019-04-01 11:06:42.127165,4,233713,29.0,14,-1,T_3,3,-1,T_3,29.0,14,2019-04-01 11:06:42
485,2019-04-01 11:06:42.127165,4,233681,29.0,14,1,T_6,3,1,T_6,29.0,14,2019-04-01 11:05:23
486,2019-04-01 11:06:43.805825,1,233714,29.0,12,-1,T_3,3,-1,,,,
487,2019-04-01 11:06:44.836744,4,233714,29.0,8,-1,T_3,3,-1,T_3,29.0,8,2019-04-01 11:06:44
488,2019-04-01 11:06:44.836744,4,233714,29.0,4,-1,T_3,3,-1,T_3,29.0,4,2019-04-01 11:06:44
489,2019-04-01 11:06:44.836744,4,233681,29.0,8,1,T_6,3,1,T_6,29.0,8,2019-04-01 11:05:23
490,2019-04-01 11:06:44.836744,4,233682,29.0,4,1,T_1,3,1,T_6,29.0,8,2019-04-01 11:05:23
491,2019-04-01 11:06:46.108000,1,233715,29.0,11,-1,T_3,3,-1,,,,
492,2019-04-01 11:06:46.750379,4,233715,29.0,11,-1,T_3,3,-1,T_3,29.0,11,2019-04-01 11:06:46
493,2019-04-01 11:06:46.750379,4,233682,29.0,11,1,T_1,3,1,T_1,29.0,11,2019-04-01 11:05:24
494,2019-04-01 11:06:52.065051,1,233716,29.0,10,-1,T_1,3,-1,,,,
495,2019-04-01 11:06:52.780380,4,233716,29.0,10,-1,T_1,3,-1,T_1,29.0,10,2019-04-01 11:06:52
496,2019-04-01 11:06:52.780380,4,233682,29.0,10,1,T_1,3,1,T_1,29.0,10,2019-04-01 11:05:24
497,2019-04-01 11:06:53.335529,1,233717,29.0,9,-1,T_1,3,-1,,,,
498,2019-04-01 11:06:55.454142,4,233717,29.0,3,-1,T_1,3,-1,T_1,29.0,3,2019-04-01 11:06:53
499,2019-04-01 11:06:55.454142,4,233717,29.0,6,-1,T_1,3,-1,T_1,29.0,6,2019-04-01 11:06:53
500,2019-04-01 11:06:55.454142,4,233682,29.0,3,1,T_1,3,1,T_1,29.0,3,2019-04-01 11:05:24
501,2019-04-01 11:06:55.454142,4,233686,29.0,6,1,T_2,3,1,T_1,29.0,3,2019-04-01 11:05:24
502,2019-04-01 11:06:57.178900,1,233718,29.0,8,-1,T_1,3,-1,,,,
503,2019-04-01 11:06:59.570941,4,233718,29.0,8,-1,T_1,3,-1,T_1,29.0,8,2019-04-01 11:06:57
504,2019-04-01 11:06:59.570941,4,233686,29.0,8,1,T_2,3,1,T_2,29.0,8,2019-04-01 11:06:01
505,2019-04-01 11:07:01.426078,1,233719,29.0,7,-1,T_1,3,-1,,,,
506,2019-04-01 11:07:02.084474,4,233719,29.0,7,-1,T_1,3,-1,T_1,29.0,7,2019-04-01 11:07:01
507,2019-04-01 11:07:02.084474,4,233686,29.0,7,1,T_2,3,1,T_2,29.0,7,2019-04-01 11:06:01
508,2019-04-01 11:07:02.728716,1,233720,29.0,1,1,T_2,3,1,,,,
509,2019-04-01 11:07:03.231734,1,233721,28.6916,1,1,T_2,3,2,,,,
510,2019-04-01 11:07:03.942685,1,233722,28.4416,1,1,T_2,3,3,,,,
511,2019-04-01 11:07:04.865138,1,233723,28.1916,1,1,T_2,3,4,,,,
512,2019-04-01 11:07:05.496455,1,233724,29.0,1,1,T_2,3,1,,,,
513,2019-04-01 11:07:06.134684,1,233725,28.6916,1,1,T_2,3,2,,,,
514,2019-04-01 11:07:06.971783,1,233726,28.4416,1,1,T_2,3,3,,,,
515,2019-04-01 11:07:07.560383,1,233727,28.1916,1,1,T_2,3,4,,,,
516,2019-04-01 11:07:08.272726,1,233728,29.791600000000003,1,-1,T_2,3,1,,,,
517,2019-04-01 11:07:08.839744,1,233729,30.1916,1,-1,T_2,3,2,,,,
518,2019-04-01 11:07:10.696159,1,233730,30.6916,1,-1,T_2,3,3,,,,
519,2019-04-01 11:07:12.072865,1,233731,30.9416,1,-1,T_2,3,4,,,,
520,2019-04-01 11:07:12.817548,1,233732,29.791600000000003,1,-1,T_2,3,1,,,,
521,2019-04-01 11:07:13.559544,1,233733,30.1916,1,-1,T_2,3,2,,,,
522,2019-04-01 11:07:14.117928,1,233734,30.6916,1,-1,T_2,3,3,,,,
523,2019-04-01 11:07:15.565875,1,233735,30.9416,1,-1,T_2,3,4,,,,
524,2019-04-01 11:07:17.538367,1,233736,29.791600000000003,1,-1,T_2,3,1,,,,
525,2019-04-01 11:07:18.098865,1,233737,30.1916,1,-1,T_2,3,2,,,,
526,2019-04-01 11:07:18.708479,1,233738,30.6916,1,-1,T_2,3,3,,,,
527,2019-04-01 11:07:19.356762,1,233739,30.9416,1,-1,T_2,3,4,,,,
528,2019-04-01 11:07:20.772984,1,233740,29.0,7,-1,T_3,3,-1,,,,
529,2019-04-01 11:07:21.517826,4,233740,29.0,7,-1,T_3,3,-1,T_3,29.0,7,2019-04-01 11:07:21
530,2019-04-01 11:07:21.517826,4,233686,29.0,7,1,T_2,3,1,T_2,29.0,7,2019-04-01 11:06:01
531,2019-04-01 11:07:28.252399,1,233741,29.0,6,-1,T_3,3,-1,,,,
532,2019-04-01 11:07:28.841028,4,233741,29.0,6,-1,T_3,3,-1,T_3,29.0,6,2019-04-01 11:07:28
533,2019-04-01 11:07:28.841028,4,233686,29.0,6,1,T_2,3,1,T_2,29.0,6,2019-04-01 11:06:01
534,2019-04-01 11:07:30.221589,1,233742,29.0,5,-1,T_3,3,-1,,,,
535,2019-04-01 11:07:30.778636,4,233742,29.0,2,-1,T_3,3,-1,T_3,29.0,2,2019-04-01 11:07:30
536,2019-04-01 11:07:30.778636,4,233742,29.0,3,-1,T_3,3,-1,T_3,29.0,3,2019-04-01 11:07:30
537,2019-04-01 11:07:30.778636,4,233686,29.0,2,1,T_2,3,1,T_2,29.0,2,2019-04-01 11:06:01
538,2019-04-01 11:07:30.778636,4,233690,29.0,3,1,T_1,3,1,T_2,29.0,2,2019-04-01 11:06:01
539,2019-04-01 11:07:35.663828,1,233743,29.0,5,-1,T_3,3,-1,,,,
540,2019-04-01 11:07:37.357131,4,233743,29.0,5,-1,T_3,3,-1,T_3,29.0,5,2019-04-01 11:07:36
541,2019-04-01 11:07:37.357131,4,233690,29.0,5,1,T_1,3,1,T_1,29.0,5,2019-04-01 11:06:14
542,2019-04-01 11:07:38.394937,1,233744,29.0,4,-1,T_3,3,-1,,,,
543,2019-04-01 11:07:38.971053,4,233744,29.0,4,-1,T_3,3,-1,T_3,29.0,4,2019-04-01 11:07:38
544,2019-04-01 11:07:38.971053,4,233690,29.0,4,1,T_1,3,1,T_1,29.0,4,2019-04-01 11:06:14
545,2019-04-01 11:07:43.136482,1,233745,29.791600000000003,27,-1,T_9,3,1,,,,
546,2019-04-01 11:07:44.651487,1,233746,29.791600000000003,27,1,T_6,3,-1,,,,
547,2019-04-01 11:07:45.955312,4,233539,29.79,22,-1,T_1,3,1,T_1,29.79,22,2019-04-01 10:47:19
548,2019-04-01 11:07:45.955312,4,233540,29.79,5,-1,T_2,3,1,T_1,29.79,22,2019-04-01 10:47:19
549,2019-04-01 11:07:45.955312,4,233746,29.79,22,1,T_6,3,-1,T_6,29.79,22,2019-04-01 11:07:45
550,2019-04-01 11:07:45.955312,4,233746,29.79,5,1,T_6,3,-1,T_6,29.79,5,2019-04-01 11:07:45
551,2019-04-01 11:07:49.545106,1,233747,29.0,4,-1,T_1,3,-1,,,,
552,2019-04-01 11:07:59.702456,4,233747,29.0,4,-1,T_1,3,-1,T_1,29.0,4,2019-04-01 11:07:50
553,2019-04-01 11:07:59.702456,4,233690,29.0,4,1,T_1,3,1,T_1,29.0,4,2019-04-01 11:06:14
554,2019-04-01 11:08:50.254563,1,233748,29.0,4,-1,T_1,3,-1,,,,
555,2019-04-01 11:08:51.774101,4,233748,29.0,4,-1,T_1,3,-1,T_1,29.0,4,2019-04-01 11:08:50
556,2019-04-01 11:08:51.774101,4,233690,29.0,4,1,T_1,3,1,T_1,29.0,4,2019-04-01 11:06:14
557,2019-04-01 11:08:52.562480,1,233749,29.0,3,-1,T_1,3,-1,,,,
558,2019-04-01 11:08:53.254123,4,233749,29.0,3,-1,T_1,3,-1,T_1,29.0,3,2019-04-01 11:08:53
559,2019-04-01 11:08:53.254123,4,233690,29.0,3,1,T_1,3,1,T_1,29.0,3,2019-04-01 11:06:14
560,2019-04-01 11:08:54.138778,1,233750,29.0,3,-1,T_1,3,-1,,,,
561,2019-04-01 11:08:56.934758,4,233750,29.0,3,-1,T_1,3,-1,T_1,29.0,3,2019-04-01 11:08:54
562,2019-04-01 11:08:56.934758,4,233690,29.0,3,1,T_1,3,1,T_1,29.0,3,2019-04-01 11:06:14
563,2019-04-01 11:08:58.111591,1,233751,29.0,3,-1,T_1,3,-1,,,,
564,2019-04-01 11:08:59.012206,4,233751,29.0,3,-1,T_1,3,-1,T_1,29.0,3,2019-04-01 11:08:58
565,2019-04-01 11:08:59.012206,4,233690,29.0,3,1,T_1,3,1,T_1,29.0,3,2019-04-01 11:06:14
566,2019-04-01 11:09:00.078079,1,233752,29.0,1,1,T_2,3,1,,,,
567,2019-04-01 11:09:00.742938,1,233753,28.6916,1,1,T_2,3,2,,,,
568,2019-04-01 11:09:02.443608,1,233754,28.4416,1,1,T_2,3,3,,,,
569,2019-04-01 11:09:03.009716,1,233755,28.1916,1,1,T_2,3,4,,,,
570,2019-04-01 11:09:03.713606,1,233756,29.0,1,1,T_2,3,1,,,,
571,2019-04-01 11:09:05.209085,1,233757,28.6916,1,1,T_2,3,2,,,,
572,2019-04-01 11:09:05.849903,1,233758,28.4416,1,1,T_2,3,3,,,,
573,2019-04-01 11:09:06.572839,1,233759,28.1916,1,1,T_2,3,4,,,,
574,2019-04-01 11:09:07.282723,1,233760,29.791600000000003,1,-1,T_2,3,1,,,,
575,2019-04-01 11:09:07.886514,1,233761,30.1916,1,-1,T_2,3,2,,,,
576,2019-04-01 11:09:08.563622,1,233762,30.6916,1,-1,T_2,3,3,,,,
577,2019-04-01 11:09:09.134461,1,233763,30.9416,1,-1,T_2,3,4,,,,
578,2019-04-01 11:09:09.774001,1,233764,29.0,1,1,T_2,3,1,,,,
579,2019-04-01 11:09:10.403168,1,233765,28.6916,1,1,T_2,3,2,,,,
580,2019-04-01 11:09:10.976856,1,233766,28.4416,1,1,T_2,3,3,,,,
581,2019-04-01 11:09:11.636960,1,233767,28.1916,1,1,T_2,3,4,,,,
582,2019-04-01 11:09:12.304990,1,233768,29.0,1,1,T_2,3,1,,,,
583,2019-04-01 11:09:12.983592,1,233769,28.6916,1,1,T_2,3,2,,,,
584,2019-04-01 11:09:13.617136,1,233770,28.4416,1,1,T_2,3,3,,,,
585,2019-04-01 11:09:14.291069,1,233771,28.1916,1,1,T_2,3,4,,,,
586,2019-04-01 11:09:18.328624,1,233772,29.0,3,-1,T_3,3,-1,,,,
587,2019-04-01 11:09:20.172293,4,233772,29.0,3,-1,T_3,3,-1,T_3,29.0,3,2019-04-01 11:09:18
588,2019-04-01 11:09:20.172293,4,233690,29.0,3,1,T_1,3,1,T_1,29.0,3,2019-04-01 11:06:14
589,2019-04-01 11:09:26.155011,1,233773,29.0,2,-1,T_3,3,-1,,,,
590,2019-04-01 11:09:27.368074,4,233773,29.0,2,-1,T_3,3,-1,T_3,29.0,2,2019-04-01 11:09:26
591,2019-04-01 11:09:27.368074,4,233690,29.0,2,1,T_1,3,1,T_1,29.0,2,2019-04-01 11:06:14
592,2019-04-01 11:09:28.926615,1,233774,29.0,2,-1,T_3,3,-1,,,,
593,2019-04-01 11:09:29.497459,4,233774,29.0,2,-1,T_3,3,-1,T_3,29.0,2,2019-04-01 11:09:29
594,2019-04-01 11:09:29.497459,4,233690,29.0,2,1,T_1,3,1,T_1,29.0,2,2019-04-01 11:06:14
595,2019-04-01 11:09:30.123258,1,233775,29.0,2,-1,T_3,3,-1,,,,
596,2019-04-01 11:09:30.939469,4,233775,29.0,2,-1,T_3,3,-1,T_3,29.0,2,2019-04-01 11:09:30
597,2019-04-01 11:09:30.939469,4,233690,29.0,2,1,T_1,3,1,T_1,29.0,2,2019-04-01 11:06:14
598,2019-04-01 11:09:35.077212,1,233776,29.0,78,1,T_6,3,1,,,,
599,2019-04-01 11:09:36.142718,1,233777,29.0,39,1,T_1,3,1,,,,
600,2019-04-01 11:09:36.786778,1,233778,29.791600000000003,36,-1,T_1,3,1,,,,
601,2019-04-01 11:09:37.417980,1,233779,29.791600000000003,29,1,T_6,3,-1,,,,
602,2019-04-01 11:09:37.967617,4,233540,29.79,29,-1,T_2,3,1,T_2,29.79,29,2019-04-01 10:47:21
603,2019-04-01 11:09:37.967617,4,233779,29.79,29,1,T_6,3,-1,T_6,29.79,29,2019-04-01 11:09:37
604,2019-04-01 11:09:38.643153,1,233780,29.791600000000003,30,1,T_1,3,-1,,,,
605,2019-04-01 11:09:39.304162,4,233540,29.79,3,-1,T_2,3,1,T_2,29.79,3,2019-04-01 10:47:21
606,2019-04-01 11:09:39.304162,4,233545,29.79,1,-1,T_2,3,1,T_2,29.79,3,2019-04-01 10:47:21
607,2019-04-01 11:09:39.304162,4,233549,29.79,1,-1,T_2,3,1,T_2,29.79,3,2019-04-01 10:47:21
608,2019-04-01 11:09:39.304162,4,233557,29.79,1,-1,T_2,3,1,T_2,29.79,3,2019-04-01 10:47:21
609,2019-04-01 11:09:39.304162,4,233561,29.79,1,-1,T_2,3,1,T_2,29.79,3,2019-04-01 10:47:21
610,2019-04-01 11:09:39.304162,4,233583,29.79,23,-1,T_1,3,1,T_2,29.79,3,2019-04-01 10:47:21
611,2019-04-01 11:09:39.304162,4,233780,29.79,3,1,T_1,3,-1,T_1,29.79,3,2019-04-01 11:09:39
612,2019-04-01 11:09:39.304162,4,233780,29.79,1,1,T_1,3,-1,T_1,29.79,1,2019-04-01 11:09:39
613,2019-04-01 11:09:39.304162,4,233780,29.79,1,1,T_1,3,-1,T_1,29.79,1,2019-04-01 11:09:39
614,2019-04-01 11:09:39.304162,4,233780,29.79,1,1,T_1,3,-1,T_1,29.79,1,2019-04-01 11:09:39
615,2019-04-01 11:09:39.304162,4,233780,29.79,1,1,T_1,3,-1,T_1,29.79,1,2019-04-01 11:09:39
616,2019-04-01 11:09:39.304162,4,233780,29.79,23,1,T_1,3,-1,T_1,29.79,23,2019-04-01 11:09:39
617,2019-04-01 11:09:43.435326,1,233781,29.0,31,1,T_1,3,1,,,,
618,2019-04-01 11:09:44.306174,1,233782,29.0,78,-1,T_9,3,-1,,,,
619,2019-04-01 11:09:46.240721,4,233782,29.0,14,-1,T_9,3,-1,T_9,29.0,14,2019-04-01 11:09:44
620,2019-04-01 11:09:46.240721,4,233782,29.0,1,-1,T_9,3,-1,T_9,29.0,1,2019-04-01 11:09:44
621,2019-04-01 11:09:46.240721,4,233782,29.0,1,-1,T_9,3,-1,T_9,29.0,1,2019-04-01 11:09:44
622,2019-04-01 11:09:46.240721,4,233782,29.0,1,-1,T_9,3,-1,T_9,29.0,1,2019-04-01 11:09:44
623,2019-04-01 11:09:46.240721,4,233782,29.0,1,-1,T_9,3,-1,T_9,29.0,1,2019-04-01 11:09:44
624,2019-04-01 11:09:46.240721,4,233782,29.0,1,-1,T_9,3,-1,T_9,29.0,1,2019-04-01 11:09:44
625,2019-04-01 11:09:46.240721,4,233782,29.0,1,-1,T_9,3,-1,T_9,29.0,1,2019-04-01 11:09:44
626,2019-04-01 11:09:46.240721,4,233782,29.0,1,-1,T_9,3,-1,T_9,29.0,1,2019-04-01 11:09:44
627,2019-04-01 11:09:46.240721,4,233782,29.0,1,-1,T_9,3,-1,T_9,29.0,1,2019-04-01 11:09:44
628,2019-04-01 11:09:46.240721,4,233782,29.0,1,-1,T_9,3,-1,T_9,29.0,1,2019-04-01 11:09:44
629,2019-04-01 11:09:46.240721,4,233782,29.0,55,-1,T_9,3,-1,T_9,29.0,55,2019-04-01 11:09:44
630,2019-04-01 11:09:46.240721,4,233690,29.0,14,1,T_1,3,1,T_1,29.0,14,2019-04-01 11:06:14
631,2019-04-01 11:09:46.240721,4,233692,29.0,1,1,T_2,3,1,T_1,29.0,14,2019-04-01 11:06:14
632,2019-04-01 11:09:46.240721,4,233696,29.0,1,1,T_2,3,1,T_1,29.0,14,2019-04-01 11:06:14
633,2019-04-01 11:09:46.240721,4,233704,29.0,1,1,T_2,3,1,T_1,29.0,14,2019-04-01 11:06:14
634,2019-04-01 11:09:46.240721,4,233720,29.0,1,1,T_2,3,1,T_1,29.0,14,2019-04-01 11:06:14
635,2019-04-01 11:09:46.240721,4,233724,29.0,1,1,T_2,3,1,T_1,29.0,14,2019-04-01 11:06:14
636,2019-04-01 11:09:46.240721,4,233752,29.0,1,1,T_2,3,1,T_1,29.0,14,2019-04-01 11:06:14
637,2019-04-01 11:09:46.240721,4,233756,29.0,1,1,T_2,3,1,T_1,29.0,14,2019-04-01 11:06:14
638,2019-04-01 11:09:46.240721,4,233764,29.0,1,1,T_2,3,1,T_1,29.0,14,2019-04-01 11:06:14
639,2019-04-01 11:09:46.240721,4,233768,29.0,1,1,T_2,3,1,T_1,29.0,14,2019-04-01 11:06:14
640,2019-04-01 11:09:46.240721,4,233776,29.0,55,1,T_6,3,1,T_1,29.0,14,2019-04-01 11:06:14
641,2019-04-01 11:10:13.660923,1,233783,29.0,9,-1,T_1,3,-1,,,,
642,2019-04-01 11:10:15.206108,4,233783,29.0,9,-1,T_1,3,-1,T_1,29.0,9,2019-04-01 11:10:14
643,2019-04-01 11:10:15.206108,4,233776,29.0,9,1,T_6,3,1,T_6,29.0,9,2019-04-01 11:09:35
644,2019-04-01 11:10:15.981185,1,233784,29.0,51,1,T_1,3,1,,,,
645,2019-04-01 11:10:16.599164,1,233785,29.0,13,-1,T_1,3,-1,,,,
646,2019-04-01 11:10:17.218619,4,233785,29.0,13,-1,T_1,3,-1,T_1,29.0,13,2019-04-01 11:10:17
647,2019-04-01 11:10:17.218619,4,233776,29.0,13,1,T_6,3,1,T_6,29.0,13,2019-04-01 11:09:35
648,2019-04-01 11:10:17.842839,1,233786,29.0,12,-1,T_1,3,-1,,,,
649,2019-04-01 11:10:18.772520,4,233786,29.0,1,-1,T_1,3,-1,T_1,29.0,1,2019-04-01 11:10:18
650,2019-04-01 11:10:18.772520,4,233786,29.0,11,-1,T_1,3,-1,T_1,29.0,11,2019-04-01 11:10:18
651,2019-04-01 11:10:18.772520,4,233776,29.0,1,1,T_6,3,1,T_6,29.0,1,2019-04-01 11:09:35
652,2019-04-01 11:10:18.772520,4,233777,29.0,11,1,T_1,3,1,T_6,29.0,1,2019-04-01 11:09:35
653,2019-04-01 11:10:20.768512,1,233787,29.791600000000003,1,-1,T_2,3,1,,,,
654,2019-04-01 11:10:21.364075,1,233788,30.1916,1,-1,T_2,3,2,,,,
655,2019-04-01 11:10:21.974244,1,233789,30.6916,1,-1,T_2,3,3,,,,
656,2019-04-01 11:10:23.554512,1,233790,30.9416,1,-1,T_2,3,4,,,,
657,2019-04-01 11:10:24.518107,1,233791,29.0,1,1,T_2,3,1,,,,
658,2019-04-01 11:10:26.850813,1,233792,28.6916,1,1,T_2,3,2,,,,
659,2019-04-01 11:10:32.430826,1,233793,28.4416,1,1,T_2,3,3,,,,
660,2019-04-01 11:10:33.488011,1,233794,28.1916,1,1,T_2,3,4,,,,
661,2019-04-01 11:10:36.869053,1,233795,29.0,1,1,T_2,3,1,,,,
662,2019-04-01 11:11:41.672621,1,233796,28.6916,1,1,T_2,3,2,,,,
663,2019-04-01 11:11:49.464236,1,233797,28.4416,1,1,T_2,3,3,,,,
664,2019-04-01 11:11:50.012878,1,233798,28.1916,1,1,T_2,3,4,,,,
665,2019-04-01 11:11:51.236182,1,233799,29.0,1,1,T_2,3,1,,,,
666,2019-04-01 11:11:52.986147,1,233800,28.6916,1,1,T_2,3,2,,,,
667,2019-04-01 11:11:53.557864,1,233801,28.4416,1,1,T_2,3,3,,,,
668,2019-04-01 11:11:54.181946,1,233802,28.1916,1,1,T_2,3,4,,,,
669,2019-04-01 11:11:54.985848,1,233803,29.0,1,1,T_2,3,1,,,,
670,2019-04-01 11:11:55.976709,1,233804,28.6916,1,1,T_2,3,2,,,,
671,2019-04-01 11:11:56.644979,1,233805,28.4416,1,1,T_2,3,3,,,,
672,2019-04-01 11:11:57.244780,1,233806,28.1916,1,1,T_2,3,4,,,,
673,2019-04-01 11:11:58.221487,1,233807,29.0,11,-1,T_3,3,-1,,,,
674,2019-04-01 11:11:59.339708,4,233807,29.0,11,-1,T_3,3,-1,T_3,29.0,11,2019-04-01 11:11:58
675,2019-04-01 11:11:59.339708,4,233777,29.0,11,1,T_1,3,1,T_1,29.0,11,2019-04-01 11:09:36
676,2019-04-01 11:12:06.610358,1,233808,29.0,10,-1,T_3,3,-1,,,,
677,2019-04-01 11:12:12.245608,4,233808,29.0,10,-1,T_3,3,-1,T_3,29.0,10,2019-04-01 11:12:07
678,2019-04-01 11:12:12.245608,4,233777,29.0,10,1,T_1,3,1,T_1,29.0,10,2019-04-01 11:09:36
679,2019-04-01 11:12:22.108520,1,233809,29.0,9,-1,T_3,3,-1,,,,
680,2019-04-01 11:12:24.483176,4,233809,29.0,7,-1,T_3,3,-1,T_3,29.0,7,2019-04-01 11:12:22
681,2019-04-01 11:12:24.483176,4,233809,29.0,2,-1,T_3,3,-1,T_3,29.0,2,2019-04-01 11:12:22
682,2019-04-01 11:12:24.483176,4,233777,29.0,7,1,T_1,3,1,T_1,29.0,7,2019-04-01 11:09:36
683,2019-04-01 11:12:24.483176,4,233781,29.0,2,1,T_1,3,1,T_1,29.0,7,2019-04-01 11:09:36
684,2019-04-01 11:12:27.804661,1,233810,29.0,8,-1,T_3,3,-1,,,,
685,2019-04-01 11:12:28.473503,4,233810,29.0,8,-1,T_3,3,-1,T_3,29.0,8,2019-04-01 11:12:28
686,2019-04-01 11:12:28.473503,4,233781,29.0,8,1,T_1,3,1,T_1,29.0,8,2019-04-01 11:09:43
687,2019-04-01 11:12:31.698353,1,233811,29.791600000000003,27,1,T_9,3,-1,,,,
688,2019-04-01 11:12:32.319379,4,233583,29.79,14,-1,T_1,3,1,T_1,29.79,14,2019-04-01 11:01:13
689,2019-04-01 11:12:32.319379,4,233585,29.79,13,-1,T_1,3,1,T_1,29.79,14,2019-04-01 11:01:13
690,2019-04-01 11:12:32.319379,4,233811,29.79,14,1,T_9,3,-1,T_9,29.79,14,2019-04-01 11:12:32
691,2019-04-01 11:12:32.319379,4,233811,29.79,13,1,T_9,3,-1,T_9,29.79,13,2019-04-01 11:12:32
692,2019-04-01 11:12:33.731902,1,233812,29.791600000000003,27,-1,T_6,3,1,,,,
693,2019-04-01 11:12:34.371168,1,233813,29.791600000000003,30,1,T_4,3,-1,,,,
694,2019-04-01 11:12:34.959768,4,233585,29.79,17,-1,T_1,3,1,T_1,29.79,17,2019-04-01 11:01:16
695,2019-04-01 11:12:34.959768,4,233587,29.79,13,-1,T_2,3,1,T_1,29.79,17,2019-04-01 11:01:16
696,2019-04-01 11:12:34.959768,4,233813,29.79,17,1,T_4,3,-1,T_4,29.79,17,2019-04-01 11:12:34
697,2019-04-01 11:12:34.959768,4,233813,29.79,13,1,T_4,3,-1,T_4,29.79,13,2019-04-01 11:12:34
698,2019-04-01 11:12:36.679318,1,233814,29.791600000000003,30,-1,T_6,3,1,,,,
699,2019-04-01 11:12:38.924842,1,233815,29.0,1,-1,T_4,3,-1,,,,
700,2019-04-01 11:12:43.264775,4,233815,29.0,1,-1,T_4,3,-1,T_4,29.0,1,2019-04-01 11:12:39
701,2019-04-01 11:12:43.264775,4,233781,29.0,1,1,T_1,3,1,T_1,29.0,1,2019-04-01 11:09:43
702,2019-04-01 11:12:44.168062,1,233816,29.791600000000003,38,-1,T_3,3,1,,,,
703,2019-04-01 11:12:44.711161,1,233817,29.791600000000003,1,-1,T_6,3,1,,,,
704,2019-04-01 11:12:46.229301,1,233818,29.791600000000003,31,-1,T_2,3,1,,,,
705,2019-04-01 11:12:47.610556,2,233817,30.0,1,-1,T_6,3,-1,,,,
706,2019-04-01 11:12:47.635123,1,233819,29.791600000000003,1,-1,T_9,3,1,,,,
707,2019-04-01 11:12:48.791548,1,233820,29.791600000000003,30,-1,T_1,3,1,,,,
708,2019-04-01 11:12:49.807576,2,233819,30.0,1,-1,T_9,3,-1,,,,
709,2019-04-01 11:12:50.894741,2,233815,29.0,1,-1,T_4,3,-1,,,,
710,2019-04-01 11:12:52.735082,2,233817,30.0,1,-1,T_6,3,-1,,,,
711,2019-04-01 11:13:20.694926,2,233819,30.0,1,-1,T_9,3,-1,,,,
712,2019-04-01 11:13:27.388955,1,233821,29.791600000000003,26,-1,T_2,3,1,,,,
713,2019-04-01 11:13:41.975571,1,233822,29.791600000000003,30,-1,T_1,3,1,,,,
714,2019-04-01 11:13:48.851378,1,233823,29.0,32,1,T_4,3,1,,,,
715,2019-04-01 11:14:00.225568,1,233824,29.0,10,-1,T_1,3,-1,,,,
716,2019-04-01 11:14:00.805417,4,233824,29.0,10,-1,T_1,3,-1,T_1,29.0,10,2019-04-01 11:14:00
717,2019-04-01 11:14:00.805417,4,233781,29.0,10,1,T_1,3,1,T_1,29.0,10,2019-04-01 11:09:43
718,2019-04-01 11:14:53.706029,1,233825,29.0,9,-1,T_1,3,-1,,,,
719,2019-04-01 11:15:39.568822,4,233825,29.0,9,-1,T_1,3,-1,T_1,29.0,9,2019-04-01 11:14:54
720,2019-04-01 11:15:39.568822,4,233781,29.0,9,1,T_1,3,1,T_1,29.0,9,2019-04-01 11:09:43
721,2019-04-01 11:17:53.913899,1,233826,29.0,8,-1,T_1,3,-1,,,,
722,2019-04-01 11:18:38.736658,4,233826,29.0,1,-1,T_1,3,-1,T_1,29.0,1,2019-04-01 11:17:54
723,2019-04-01 11:18:38.736658,4,233826,29.0,7,-1,T_1,3,-1,T_1,29.0,7,2019-04-01 11:17:54
724,2019-04-01 11:18:38.736658,4,233781,29.0,1,1,T_1,3,1,T_1,29.0,1,2019-04-01 11:09:43
725,2019-04-01 11:18:38.736658,4,233784,29.0,7,1,T_1,3,1,T_1,29.0,1,2019-04-01 11:09:43
726,2019-04-01 11:23:52.341983,1,233827,29.791600000000003,1,-1,T_2,3,1,,,,
727,2019-04-01 11:25:35.031615,1,233828,30.1916,1,-1,T_2,3,2,,,,
728,2019-04-01 11:26:22.378353,1,233829,30.6916,1,-1,T_2,3,3,,,,
729,2019-04-01 11:26:48.658720,1,233830,30.9416,1,-1,T_2,3,4,,,,
730,2019-04-01 11:27:14.952127,1,233831,29.0,1,1,T_2,3,1,,,,
731,2019-04-01 11:27:38.559160,1,233832,28.6916,1,1,T_2,3,2,,,,
732,2019-04-01 11:27:45.173209,1,233833,28.4416,1,1,T_2,3,3,,,,
733,2019-04-01 11:27:50.554476,1,233834,28.1916,1,1,T_2,3,4,,,,
734,2019-04-01 11:27:52.510863,1,233835,29.791600000000003,1,-1,T_2,3,1,,,,
735,2019-04-01 11:27:53.070278,1,233836,30.1916,1,-1,T_2,3,2,,,,
736,2019-04-01 11:27:53.644642,1,233837,30.6916,1,-1,T_2,3,3,,,,
737,2019-04-01 11:27:54.277485,1,233838,30.9416,1,-1,T_2,3,4,,,,
738,2019-04-01 11:27:55.102658,1,233839,29.0,1,1,T_2,3,1,,,,
739,2019-04-01 11:27:55.588611,1,233840,28.6916,1,1,T_2,3,2,,,,
740,2019-04-01 11:27:56.287713,1,233841,28.4416,1,1,T_2,3,3,,,,
741,2019-04-01 11:27:57.220123,1,233842,28.1916,1,1,T_2,3,4,,,,
742,2019-04-01 11:27:58.831307,1,233843,29.0,8,-1,T_3,3,-1,,,,
743,2019-04-01 11:27:59.919443,4,233843,29.0,8,-1,T_3,3,-1,T_3,29.0,8,2019-04-01 11:27:59
744,2019-04-01 11:27:59.919443,4,233784,29.0,8,1,T_1,3,1,T_1,29.0,8,2019-04-01 11:10:16
745,2019-04-01 11:28:08.558008,1,233844,29.0,7,-1,T_3,3,-1,,,,
746,2019-04-01 11:28:11.761818,4,233844,29.0,7,-1,T_3,3,-1,T_3,29.0,7,2019-04-01 11:28:09
747,2019-04-01 11:28:11.761818,4,233784,29.0,7,1,T_1,3,1,T_1,29.0,7,2019-04-01 11:10:16
748,2019-04-01 11:28:17.955155,1,233845,29.0,6,-1,T_3,3,-1,,,,
749,2019-04-01 11:28:21.216314,4,233845,29.0,6,-1,T_3,3,-1,T_3,29.0,6,2019-04-01 11:28:18
750,2019-04-01 11:28:21.216314,4,233784,29.0,6,1,T_1,3,1,T_1,29.0,6,2019-04-01 11:10:16
751,2019-04-01 11:28:25.398591,1,233846,29.0,114,1,T_6,3,1,,,,
752,2019-04-01 11:28:28.696899,1,233847,29.0,35,1,T_3,3,1,,,,
753,2019-04-01 11:28:29.522267,1,233848,29.791600000000003,37,-1,T_3,3,1,,,,
754,2019-04-01 11:28:33.204820,1,233849,29.791600000000003,31,1,T_6,3,-1,,,,
755,2019-04-01 11:28:33.736305,4,233587,29.79,22,-1,T_2,3,1,T_2,29.79,22,2019-04-01 11:01:20
756,2019-04-01 11:28:33.736305,4,233588,29.79,9,-1,T_3,3,1,T_2,29.79,22,2019-04-01 11:01:20
757,2019-04-01 11:28:33.736305,4,233849,29.79,22,1,T_6,3,-1,T_6,29.79,22,2019-04-01 11:28:33
758,2019-04-01 11:28:33.736305,4,233849,29.79,9,1,T_6,3,-1,T_6,29.79,9,2019-04-01 11:28:33
759,2019-04-01 11:28:39.779196,1,233850,29.791600000000003,33,1,T_3,3,-1,,,,
760,2019-04-01 11:28:41.579523,4,233588,29.79,20,-1,T_3,3,1,T_3,29.79,20,2019-04-01 11:01:23
761,2019-04-01 11:28:41.579523,4,233589,29.79,13,-1,T_2,3,1,T_3,29.79,20,2019-04-01 11:01:23
762,2019-04-01 11:28:41.579523,4,233850,29.79,20,1,T_3,3,-1,T_3,29.79,20,2019-04-01 11:28:40
763,2019-04-01 11:28:41.579523,4,233850,29.79,13,1,T_3,3,-1,T_3,29.79,13,2019-04-01 11:28:40
764,2019-04-01 11:28:47.348287,1,233851,29.0,38,1,T_3,3,1,,,,
765,2019-04-01 11:29:35.638901,1,233852,29.0,114,-1,T_4,3,-1,,,,
766,2019-04-01 11:30:04.347071,4,233852,29.0,23,-1,T_4,3,-1,T_4,29.0,23,2019-04-01 11:29:36
767,2019-04-01 11:30:04.347071,4,233852,29.0,1,-1,T_4,3,-1,T_4,29.0,1,2019-04-01 11:29:36
768,2019-04-01 11:30:04.347071,4,233852,29.0,1,-1,T_4,3,-1,T_4,29.0,1,2019-04-01 11:29:36
769,2019-04-01 11:30:04.347071,4,233852,29.0,1,-1,T_4,3,-1,T_4,29.0,1,2019-04-01 11:29:36
770,2019-04-01 11:30:04.347071,4,233852,29.0,1,-1,T_4,3,-1,T_4,29.0,1,2019-04-01 11:29:36
771,2019-04-01 11:30:04.347071,4,233852,29.0,32,-1,T_4,3,-1,T_4,29.0,32,2019-04-01 11:29:36
772,2019-04-01 11:30:04.347071,4,233852,29.0,1,-1,T_4,3,-1,T_4,29.0,1,2019-04-01 11:29:36
773,2019-04-01 11:30:04.347071,4,233852,29.0,1,-1,T_4,3,-1,T_4,29.0,1,2019-04-01 11:29:36
774,2019-04-01 11:30:04.347071,4,233852,29.0,53,-1,T_4,3,-1,T_4,29.0,53,2019-04-01 11:29:36
775,2019-04-01 11:30:04.347071,4,233784,29.0,23,1,T_1,3,1,T_1,29.0,23,2019-04-01 11:10:16
776,2019-04-01 11:30:04.347071,4,233791,29.0,1,1,T_2,3,1,T_1,29.0,23,2019-04-01 11:10:16
777,2019-04-01 11:30:04.347071,4,233795,29.0,1,1,T_2,3,1,T_1,29.0,23,2019-04-01 11:10:16
778,2019-04-01 11:30:04.347071,4,233799,29.0,1,1,T_2,3,1,T_1,29.0,23,2019-04-01 11:10:16
779,2019-04-01 11:30:04.347071,4,233803,29.0,1,1,T_2,3,1,T_1,29.0,23,2019-04-01 11:10:16
780,2019-04-01 11:30:04.347071,4,233823,29.0,32,1,T_4,3,1,T_1,29.0,23,2019-04-01 11:10:16
781,2019-04-01 11:30:04.347071,4,233831,29.0,1,1,T_2,3,1,T_1,29.0,23,2019-04-01 11:10:16
782,2019-04-01 11:30:04.347071,4,233839,29.0,1,1,T_2,3,1,T_1,29.0,23,2019-04-01 11:10:16
783,2019-04-01 11:30:04.347071,4,233846,29.0,53,1,T_6,3,1,T_1,29.0,23,2019-04-01 11:10:16
784,2019-04-01 11:30:20.225550,1,233853,29.0,1,-1,T_4,3,-1,,,,
785,2019-04-01 11:31:15.481703,4,233853,29.0,1,-1,T_4,3,-1,T_4,29.0,1,2019-04-01 11:30:20
786,2019-04-01 11:31:15.481703,4,233846,29.0,1,1,T_6,3,1,T_6,29.0,1,2019-04-01 11:28:25
787,2019-04-01 11:32:00.736205,1,233854,29.791600000000003,31,-1,T_3,3,1,,,,
788,2019-04-01 11:32:25.682054,1,233855,29.791600000000003,1,-1,T_4,3,1,,,,
789,2019-04-01 11:33:46.557607,1,233856,29.791600000000003,38,-1,T_2,3,1,,,,
790,2019-04-01 11:34:27.089638,2,233855,30.0,1,-1,T_4,3,-1,,,,
791,2019-04-01 11:34:39.459238,1,233857,29.791600000000003,1,-1,T_4,3,1,,,,
792,2019-04-01 11:36:47.361275,1,233858,29.791600000000003,39,-1,T_1,3,1,,,,
793,2019-04-01 11:38:09.524214,2,233857,30.0,1,-1,T_4,3,-1,,,,
794,2019-04-01 11:38:25.141226,2,233853,29.0,1,-1,T_4,3,-1,,,,
795,2019-04-01 11:38:30.071848,2,233855,30.0,1,-1,T_4,3,-1,,,,
796,2019-04-01 11:38:33.041485,2,233857,30.0,1,-1,T_4,3,-1,,,,
797,2019-04-01 11:38:36.012215,1,233859,29.791600000000003,30,-1,T_1,3,1,,,,
798,2019-04-01 11:38:39.018927,1,233860,29.791600000000003,29,-1,T_1,3,1,,,,
799,2019-04-01 11:38:41.504749,1,233861,29.0,31,1,T_4,3,1,,,,
800,2019-04-01 11:38:50.588930,1,233862,29.0,16,-1,T_1,3,-1,,,,
801,2019-04-01 11:40:35.251583,4,233862,29.0,16,-1,T_1,3,-1,T_1,29.0,16,2019-04-01 11:38:51
802,2019-04-01 11:40:35.251583,4,233846,29.0,16,1,T_6,3,1,T_6,29.0,16,2019-04-01 11:28:25
803,2019-04-01 11:42:53.051600,1,233863,29.0,14,-1,T_1,3,-1,,,,
804,2019-04-01 11:43:39.033227,4,233863,29.0,14,-1,T_1,3,-1,T_1,29.0,14,2019-04-01 11:42:53
805,2019-04-01 11:43:39.033227,4,233846,29.0,14,1,T_6,3,1,T_6,29.0,14,2019-04-01 11:28:25
806,2019-04-01 11:45:56.109553,1,233864,29.0,13,-1,T_1,3,-1,,,,
807,2019-04-01 11:46:24.700525,4,233864,29.0,13,-1,T_1,3,-1,T_1,29.0,13,2019-04-01 11:45:56
808,2019-04-01 11:46:24.700525,4,233846,29.0,13,1,T_6,3,1,T_6,29.0,13,2019-04-01 11:28:25
809,2019-04-01 11:47:12.551989,1,233865,29.0,12,-1,T_1,3,-1,,,,
810,2019-04-01 11:47:31.138265,4,233865,29.0,12,-1,T_1,3,-1,T_1,29.0,12,2019-04-01 11:47:13
811,2019-04-01 11:47:31.138265,4,233846,29.0,12,1,T_6,3,1,T_6,29.0,12,2019-04-01 11:28:25
812,2019-04-01 11:48:33.887175,1,233866,29.0,1,1,T_2,3,1,,,,
813,2019-04-01 11:49:23.000987,1,233867,28.6916,1,1,T_2,3,2,,,,
814,2019-04-01 11:49:53.157752,1,233868,28.4416,1,1,T_2,3,3,,,,
815,2019-04-01 11:49:56.710004,1,233869,28.1916,1,1,T_2,3,4,,,,
816,2019-04-01 11:49:57.818009,1,233870,29.0,1,1,T_2,3,1,,,,
817,2019-04-01 11:49:58.803059,1,233871,28.6916,1,1,T_2,3,2,,,,
818,2019-04-01 11:49:59.553511,1,233872,28.4416,1,1,T_2,3,3,,,,
819,2019-04-01 11:50:00.324846,1,233873,28.1916,1,1,T_2,3,4,,,,
820,2019-04-01 11:50:01.161887,1,233874,29.0,1,1,T_2,3,1,,,,
821,2019-04-01 11:50:01.866482,1,233875,28.6916,1,1,T_2,3,2,,,,
822,2019-04-01 11:50:02.463298,1,233876,28.4416,1,1,T_2,3,3,,,,
823,2019-04-01 11:50:03.216337,1,233877,28.1916,1,1,T_2,3,4,,,,
824,2019-04-01 11:50:03.890521,1,233878,29.791600000000003,1,-1,T_2,3,1,,,,
825,2019-04-01 11:50:07.150124,1,233879,30.1916,1,-1,T_2,3,2,,,,
826,2019-04-01 11:50:11.986538,1,233880,30.6916,1,-1,T_2,3,3,,,,
827,2019-04-01 11:50:15.161240,1,233881,30.9416,1,-1,T_2,3,4,,,,
828,2019-04-01 11:50:16.658871,1,233882,29.0,1,1,T_2,3,1,,,,
829,2019-04-01 11:50:17.239340,1,233883,28.6916,1,1,T_2,3,2,,,,
830,2019-04-01 11:50:17.997308,1,233884,28.4416,1,1,T_2,3,3,,,,
831,2019-04-01 11:50:18.795711,1,233885,28.1916,1,1,T_2,3,4,,,,
832,2019-04-01 11:50:20.136840,1,233886,29.0,11,-1,T_3,3,-1,,,,
833,2019-04-01 11:50:21.008294,4,233886,29.0,5,-1,T_3,3,-1,T_3,29.0,5,2019-04-01 11:50:20
834,2019-04-01 11:50:21.008294,4,233886,29.0,6,-1,T_3,3,-1,T_3,29.0,6,2019-04-01 11:50:20
835,2019-04-01 11:50:21.008294,4,233846,29.0,5,1,T_6,3,1,T_6,29.0,5,2019-04-01 11:28:25
836,2019-04-01 11:50:21.008294,4,233847,29.0,6,1,T_3,3,1,T_6,29.0,5,2019-04-01 11:28:25
837,2019-04-01 11:50:33.159999,1,233887,29.0,10,-1,T_3,3,-1,,,,
838,2019-04-01 11:50:34.131406,4,233887,29.0,10,-1,T_3,3,-1,T_3,29.0,10,2019-04-01 11:50:33
839,2019-04-01 11:50:34.131406,4,233847,29.0,10,1,T_3,3,1,T_3,29.0,10,2019-04-01 11:28:29
840,2019-04-01 11:50:34.885472,1,233888,29.0,81,1,T_3,3,1,,,,
841,2019-04-01 11:50:35.730603,1,233889,29.0,17,-1,T_3,3,-1,,,,
842,2019-04-01 11:50:37.864778,4,233889,29.0,17,-1,T_3,3,-1,T_3,29.0,17,2019-04-01 11:50:36
843,2019-04-01 11:50:37.864778,4,233847,29.0,17,1,T_3,3,1,T_3,29.0,17,2019-04-01 11:28:29
844,2019-04-01 11:50:39.433918,1,233890,29.0,15,-1,T_3,3,-1,,,,
845,2019-04-01 11:50:41.624789,4,233890,29.0,2,-1,T_3,3,-1,T_3,29.0,2,2019-04-01 11:50:39
846,2019-04-01 11:50:41.624789,4,233890,29.0,13,-1,T_3,3,-1,T_3,29.0,13,2019-04-01 11:50:39
847,2019-04-01 11:50:41.624789,4,233847,29.0,2,1,T_3,3,1,T_3,29.0,2,2019-04-01 11:28:29
848,2019-04-01 11:50:41.624789,4,233851,29.0,13,1,T_3,3,1,T_3,29.0,2,2019-04-01 11:28:29
849,2019-04-01 11:50:54.463495,1,233891,29.0,14,-1,T_1,3,-1,,,,
850,2019-04-01 11:51:05.603053,4,233891,29.0,14,-1,T_1,3,-1,T_1,29.0,14,2019-04-01 11:50:54
851,2019-04-01 11:51:05.603053,4,233851,29.0,14,1,T_3,3,1,T_3,29.0,14,2019-04-01 11:28:47
852,2019-04-01 11:52:28.487430,1,233892,29.0,12,-1,T_1,3,-1,,,,
853,2019-04-01 11:53:38.359990,4,233892,29.0,11,-1,T_1,3,-1,T_1,29.0,11,2019-04-01 11:52:28
854,2019-04-01 11:53:38.359990,4,233892,29.0,1,-1,T_1,3,-1,T_1,29.0,1,2019-04-01 11:52:28
855,2019-04-01 11:53:38.359990,4,233851,29.0,11,1,T_3,3,1,T_3,29.0,11,2019-04-01 11:28:47
856,2019-04-01 11:53:38.359990,4,233861,29.0,1,1,T_4,3,1,T_3,29.0,11,2019-04-01 11:28:47
857,2019-04-01 11:56:31.683603,1,233893,29.0,11,-1,T_1,3,-1,,,,
858,2019-04-01 11:56:53.444756,4,233893,29.0,11,-1,T_1,3,-1,T_1,29.0,11,2019-04-01 11:56:32
859,2019-04-01 11:56:53.444756,4,233861,29.0,11,1,T_4,3,1,T_4,29.0,11,2019-04-01 11:38:42
860,2019-04-01 11:58:51.370179,1,233894,29.0,10,-1,T_1,3,-1,,,,
861,2019-04-01 11:59:37.842299,4,233894,29.0,10,-1,T_1,3,-1,T_1,29.0,10,2019-04-01 11:58:51
862,2019-04-01 11:59:37.842299,4,233861,29.0,10,1,T_4,3,1,T_4,29.0,10,2019-04-01 11:38:42
863,2019-04-01 12:01:49.000014,1,233895,29.791600000000003,1,-1,T_2,3,1,,,,
864,2019-04-01 12:02:52.742965,1,233896,30.1916,1,-1,T_2,3,2,,,,
865,2019-04-01 12:03:47.523778,1,233897,30.6916,1,-1,T_2,3,3,,,,
866,2019-04-01 12:05:21.697169,1,233898,30.9416,1,-1,T_2,3,4,,,,
867,2019-04-01 12:07:13.035450,1,233899,29.0,1,1,T_2,3,1,,,,
868,2019-04-01 12:07:48.854786,1,233900,28.6916,1,1,T_2,3,2,,,,
869,2019-04-01 12:10:05.642525,1,233901,28.4416,1,1,T_2,3,3,,,,
870,2019-04-01 12:11:54.369783,1,233902,28.1916,1,1,T_2,3,4,,,,
871,2019-04-01 12:12:56.610152,1,233903,29.0,1,1,T_2,3,1,,,,
872,2019-04-01 12:13:23.620523,1,233904,28.6916,1,1,T_2,3,2,,,,
873,2019-04-01 12:14:04.050702,1,233905,28.4416,1,1,T_2,3,3,,,,
874,2019-04-01 12:15:45.027683,1,233906,28.1916,1,1,T_2,3,4,,,,
875,2019-04-01 12:17:17.816985,1,233907,29.0,9,-1,T_3,3,-1,,,,
876,2019-04-01 12:17:42.949750,4,233907,29.0,9,-1,T_3,3,-1,T_3,29.0,9,2019-04-01 12:17:18
877,2019-04-01 12:17:42.949750,4,233861,29.0,9,1,T_4,3,1,T_4,29.0,9,2019-04-01 11:38:42
878,2019-04-01 12:17:55.844219,1,233908,29.0,8,-1,T_3,3,-1,,,,
879,2019-04-01 12:17:58.344307,4,233908,29.0,1,-1,T_3,3,-1,T_3,29.0,1,2019-04-01 12:17:56
880,2019-04-01 12:17:58.344307,4,233908,29.0,1,-1,T_3,3,-1,T_3,29.0,1,2019-04-01 12:17:56
881,2019-04-01 12:17:58.344307,4,233908,29.0,1,-1,T_3,3,-1,T_3,29.0,1,2019-04-01 12:17:56
882,2019-04-01 12:17:58.344307,4,233908,29.0,1,-1,T_3,3,-1,T_3,29.0,1,2019-04-01 12:17:56
883,2019-04-01 12:17:58.344307,4,233908,29.0,4,-1,T_3,3,-1,T_3,29.0,4,2019-04-01 12:17:56
884,2019-04-01 12:17:58.344307,4,233866,29.0,1,1,T_2,3,1,T_2,29.0,1,2019-04-01 11:48:34
885,2019-04-01 12:17:58.344307,4,233870,29.0,1,1,T_2,3,1,T_2,29.0,1,2019-04-01 11:48:34
886,2019-04-01 12:17:58.344307,4,233874,29.0,1,1,T_2,3,1,T_2,29.0,1,2019-04-01 11:48:34
887,2019-04-01 12:17:58.344307,4,233882,29.0,1,1,T_2,3,1,T_2,29.0,1,2019-04-01 11:48:34
888,2019-04-01 12:17:58.344307,4,233888,29.0,4,1,T_3,3,1,T_2,29.0,1,2019-04-01 11:48:34
889,2019-04-01 12:18:02.434029,1,233909,29.0,7,-1,T_3,3,-1,,,,
890,2019-04-01 12:18:05.598829,4,233909,29.0,7,-1,T_3,3,-1,T_3,29.0,7,2019-04-01 12:18:02
891,2019-04-01 12:18:05.598829,4,233888,29.0,7,1,T_3,3,1,T_3,29.0,7,2019-04-01 11:50:35
892,2019-04-01 12:18:07.860026,1,233910,29.0,7,-1,T_3,3,-1,,,,
893,2019-04-01 12:18:10.178586,4,233910,29.0,7,-1,T_3,3,-1,T_3,29.0,7,2019-04-01 12:18:08
894,2019-04-01 12:18:10.178586,4,233888,29.0,7,1,T_3,3,1,T_3,29.0,7,2019-04-01 11:50:35
895,2019-04-01 12:18:11.635114,1,233911,29.0,6,-1,T_3,3,-1,,,,
896,2019-04-01 12:18:12.291987,4,233911,29.0,6,-1,T_3,3,-1,T_3,29.0,6,2019-04-01 12:18:12
897,2019-04-01 12:18:12.291987,4,233888,29.0,6,1,T_3,3,1,T_3,29.0,6,2019-04-01 11:50:35
